asset_id,date,t_index,state_value,degradation_rate,HSI,HDR,recovery_margin,observability_score,intervention_flag_core9,stabilized
1503960366,2016-04-12,0,-0.0028021405794481,,-0.0028021405794481,0.0,,0.6387096774193548,0,False
1503960366,2016-04-13,1,0.4527900163137072,,0.4527900163137072,0.0569490196116444,,0.6387096774193548,0,False
1503960366,2016-04-14,2,,,,,,0.6387096774193548,0,False
1503960366,2016-04-15,3,,,,,,0.6387096774193548,0,False
1503960366,2016-04-16,4,,,,,0.2,0.6387096774193548,0,False
1503960366,2016-04-17,5,,,,,0.1666666666666666,0.6387096774193548,0,False
1503960366,2016-04-18,6,,,,,0.1428571428571428,0.6387096774193548,0,False
1503960366,2016-04-19,7,,,,,0.125,0.6387096774193548,0,False
1503960366,2016-04-20,8,,,,,0.1111111111111111,0.6387096774193548,0,False
1503960366,2016-04-21,9,,,,,0.1,0.6387096774193548,0,False
1503960366,2016-04-22,10,,,,,0.0909090909090909,0.6387096774193548,0,False
1503960366,2016-04-23,11,,,,,0.0833333333333333,0.6387096774193548,0,False
1503960366,2016-04-24,12,,,,,0.0769230769230769,0.6387096774193548,0,False
1503960366,2016-04-25,13,,,,,0.0714285714285714,0.6387096774193548,0,False
1503960366,2016-04-26,14,,,,,0.0714285714285714,0.6387096774193548,0,False
1503960366,2016-04-27,15,,,,,0.0,0.6387096774193548,0,False
1503960366,2016-04-28,16,,,,,0.0,0.6387096774193548,0,False
1503960366,2016-04-29,17,,,,,0.0,0.6387096774193548,0,False
1503960366,2016-04-30,18,,,,,0.0,0.6387096774193548,0,False
1503960366,2016-05-01,19,,,,,0.0,0.6387096774193548,0,False
1503960366,2016-05-02,20,,,,,0.0,0.6387096774193548,0,False
1503960366,2016-05-03,21,,,,,0.0,0.6387096774193548,0,False
1503960366,2016-05-04,22,,,,,0.0,0.6387096774193548,0,False
1503960366,2016-05-05,23,,,,,0.0,0.6387096774193548,0,False
1503960366,2016-05-06,24,,,,,0.0,0.6387096774193548,0,False
1503960366,2016-05-07,25,,,,,0.0,0.6387096774193548,0,False
1503960366,2016-05-08,26,,,,,0.0,0.6387096774193548,0,False
1503960366,2016-05-09,27,,,,,0.0,0.6387096774193548,0,False
1503960366,2016-05-10,28,,,,,0.0,0.6387096774193548,0,False
1503960366,2016-05-11,29,0.0748523054993308,,0.0748523054993308,-0.0084217263383967,0.0,0.6387096774193548,0,False
1503960366,2016-05-12,30,,,,,0.0,0.6387096774193548,0,False
1624580081,2016-04-12,0,-0.0979066592349346,,-0.0979066592349346,0.0,,1.0,0,True
1624580081,2016-04-13,1,0.2763821225383872,,0.2763821225383872,0.0467860977216652,,1.0,0,False
1624580081,2016-04-14,2,-0.2698334266411923,,-0.2698334266411923,-0.0191029741562508,,1.0,0,True
1624580081,2016-04-15,3,0.6773138871232769,0.2584068487860705,0.6773138871232769,0.0722796642916279,,1.0,0,False
1624580081,2016-04-16,4,0.3291217107227315,0.1067570924894165,0.3291217107227315,0.0448555641046034,0.4,1.0,0,False
1624580081,2016-04-17,5,0.1642573776178843,0.0524328073705637,0.1642573776178843,0.0259578428486391,0.3333333333333333,1.0,0,False
1624580081,2016-04-18,6,-0.2113305682876741,-0.0189039848421232,-0.2113305682876741,-0.0024832710048758,0.2857142857142857,1.0,0,True
1624580081,2016-04-19,7,0.1625130170540402,0.0372028108984249,0.1625130170540402,0.0068658540588825,0.375,1.0,0,False
1624580081,2016-04-20,8,0.0758919568042183,-0.0286414522477384,0.0758919568042183,0.0063903033251199,0.3333333333333333,1.0,0,False
1624580081,2016-04-21,9,-0.1303857625408484,0.0199210948714776,-0.1303857625408484,-0.0151280060168978,0.3,1.0,0,True
1624580081,2016-04-22,10,0.163079630694268,-0.0734620366327155,0.163079630694268,0.0133645656059848,0.3636363636363636,1.0,0,True
1624580081,2016-04-23,11,-0.0878087947180182,-0.0595615007772499,-0.0878087947180182,0.0036107165134923,0.3333333333333333,1.0,0,True
1624580081,2016-04-24,12,0.0177634681772791,-0.0209277013486578,0.0177634681772791,0.0044577460879144,0.3846153846153846,1.0,0,False
1624580081,2016-04-25,13,-0.183627208520823,0.0039576228238358,-0.183627208520823,-0.0218782246389991,0.3571428571428571,1.0,0,False
1624580081,2016-04-26,14,0.159558531644281,-0.0004220693442513,0.159558531644281,0.0059234252491159,0.4285714285714285,1.0,0,False
1624580081,2016-04-27,15,-0.1224835258798146,-0.0283393546691475,-0.1224835258798146,-0.0023314994941005,0.3571428571428571,1.0,0,True
1624580081,2016-04-28,16,0.1956093245037735,0.0465707267206602,0.1956093245037735,0.0106861598015407,0.4285714285714285,1.0,0,True
1624580081,2016-04-29,17,0.3705614040248189,0.0296402533329358,0.3705614040248189,0.0335458402102201,0.4285714285714285,1.0,0,True
1624580081,2016-04-30,18,0.0421582090092287,0.0185667148181781,0.0421582090092287,0.0102438542558527,0.4285714285714285,1.0,0,True
1624580081,2016-05-01,19,-2.1347713967459008,-0.3075049807033114,-2.1347713967459008,-0.129923640438454,0.4285714285714285,1.0,0,True
1624580081,2016-05-02,20,-0.7856744374642757,-0.0860067469919218,-0.7856744374642757,-0.1040805657608201,0.5,1.0,0,True
1624580081,2016-05-03,21,-0.0915120195809354,-0.0358672216036023,-0.0915120195809354,-0.0341413627096432,0.5,1.0,0,True
1624580081,2016-05-04,22,0.1598721927665499,0.0403365312351949,0.1598721927665499,0.0023083724067442,0.5714285714285714,1.0,0,False
1624580081,2016-05-05,23,0.5599014227673624,0.0520417283233698,0.5599014227673624,0.0610569560634225,0.6428571428571429,1.0,0,False
1624580081,2016-05-06,24,1.0357759357529508,0.0950306473897331,1.0357759357529508,0.1247431728706572,0.6428571428571429,1.0,0,False
1624580081,2016-05-07,25,1.2828801914965726,0.177245997498192,1.2828801914965726,0.1622235088173569,0.7142857142857143,1.0,0,False
1624580081,2016-05-08,26,0.2115655693366165,0.3351909951546453,0.2115655693366165,0.0168278469375811,0.6428571428571429,1.0,0,False
1624580081,2016-05-09,27,0.1522734991270667,0.1339925623701918,0.1522734991270667,-0.0014425520738452,0.6428571428571429,1.0,0,False
1624580081,2016-05-10,28,0.0864856082563341,0.0254282325481813,0.0864856082563341,-0.0036887704333196,0.5714285714285714,1.0,0,False
1624580081,2016-05-11,29,0.0641043694673368,-0.0136811176141732,0.0641043694673368,-0.0059320979068745,0.5714285714285714,1.0,0,False
1624580081,2016-05-12,30,0.0582561072521287,-0.0716636165021762,0.0582561072521287,-0.0077099927473851,0.5,1.0,0,False
1644430081,2016-04-12,0,,,,0.0,,0.6,0,False
1644430081,2016-04-13,1,,,,,,0.6,0,False
1644430081,2016-04-14,2,,,,,,0.6,0,False
1644430081,2016-04-15,3,,,,,,0.6,0,False
1644430081,2016-04-16,4,,,,,0.0,0.6,0,False
1644430081,2016-04-17,5,,,,,0.0,0.6,0,False
1644430081,2016-04-18,6,,,,,0.0,0.6,0,False
1644430081,2016-04-19,7,,,,,0.0,0.6,0,False
1644430081,2016-04-20,8,,,,,0.0,0.6,0,False
1644430081,2016-04-21,9,,,,,0.0,0.6,0,False
1644430081,2016-04-22,10,,,,,0.0,0.6,0,False
1644430081,2016-04-23,11,,,,,0.0,0.6,0,False
1644430081,2016-04-24,12,,,,,0.0,0.6,0,False
1644430081,2016-04-25,13,,,,,0.0,0.6,0,False
1644430081,2016-04-26,14,,,,,0.0,0.6,0,False
1644430081,2016-04-27,15,,,,,0.0,0.6,0,False
1644430081,2016-04-28,16,,,,,0.0,0.6,0,False
1644430081,2016-04-29,17,,,,,0.0,0.6,0,False
1644430081,2016-04-30,18,,,,,0.0,0.6,0,False
1644430081,2016-05-01,19,,,,,0.0,0.6,0,False
1644430081,2016-05-02,20,,,,,0.0,0.6,0,False
1644430081,2016-05-03,21,,,,,0.0,0.6,0,False
1644430081,2016-05-04,22,,,,,0.0,0.6,0,False
1644430081,2016-05-05,23,,,,,0.0,0.6,0,False
1644430081,2016-05-06,24,,,,,0.0,0.6,0,False
1644430081,2016-05-07,25,,,,,0.0,0.6,0,False
1644430081,2016-05-08,26,,,,,0.0,0.6,0,False
1644430081,2016-05-09,27,,,,,0.0,0.6,0,False
1644430081,2016-05-10,28,,,,,0.0,0.6,0,False
1644430081,2016-05-11,29,,,,,0.0,0.6,0,False
1844505072,2016-04-12,0,,,,0.0,,0.6,0,False
1844505072,2016-04-13,1,,,,,,0.6,0,False
1844505072,2016-04-14,2,,,,,,0.6,0,False
1844505072,2016-04-15,3,,,,,,0.6,0,False
1844505072,2016-04-16,4,,,,,0.0,0.6,0,False
1844505072,2016-04-17,5,,,,,0.0,0.6,0,False
1844505072,2016-04-18,6,,,,,0.0,0.6,0,False
1844505072,2016-04-19,7,,,,,0.0,0.6,0,False
1844505072,2016-04-20,8,,,,,0.0,0.6,0,False
1844505072,2016-04-21,9,,,,,0.0,0.6,0,False
1844505072,2016-04-22,10,,,,,0.0,0.6,0,False
1844505072,2016-04-23,11,,,,,0.0,0.6,0,False
1844505072,2016-04-24,12,,,,,0.0,0.6,0,False
1844505072,2016-04-25,13,,,,,0.0,0.6,0,False
1844505072,2016-04-26,14,,,,,0.0,0.6,0,False
1844505072,2016-04-27,15,,,,,0.0,0.6,0,False
1844505072,2016-04-28,16,,,,,0.0,0.6,0,False
1844505072,2016-04-29,17,,,,,0.0,0.6,0,False
1844505072,2016-04-30,18,,,,,0.0,0.6,0,False
1844505072,2016-05-01,19,,,,,0.0,0.6,0,False
1844505072,2016-05-02,20,,,,,0.0,0.6,0,False
1844505072,2016-05-03,21,,,,,0.0,0.6,0,False
1844505072,2016-05-04,22,,,,,0.0,0.6,0,False
1844505072,2016-05-05,23,,,,,0.0,0.6,0,False
1844505072,2016-05-06,24,,,,,0.0,0.6,0,False
1844505072,2016-05-07,25,,,,,0.0,0.6,0,False
1844505072,2016-05-08,26,,,,,0.0,0.6,0,False
1844505072,2016-05-09,27,,,,,0.0,0.6,0,False
1844505072,2016-05-10,28,,,,,0.0,0.6,0,False
1844505072,2016-05-11,29,,,,,0.0,0.6,0,False
1844505072,2016-05-12,30,,,,,0.0,0.6,0,False
1927972279,2016-04-12,0,-0.3303361210984976,,-0.3303361210984976,0.0,,0.6193548387096774,0,False
1927972279,2016-04-13,1,3.415150011531703,,3.415150011531703,0.4681857665787751,,0.6193548387096774,0,False
1927972279,2016-04-14,2,,,,,,0.6193548387096774,0,False
1927972279,2016-04-15,3,,,,,,0.6193548387096774,0,False
1927972279,2016-04-16,4,,,,,0.2,0.6193548387096774,0,False
1927972279,2016-04-17,5,,,,,0.1666666666666666,0.6193548387096774,0,False
1927972279,2016-04-18,6,,,,,0.1428571428571428,0.6193548387096774,0,False
1927972279,2016-04-19,7,,,,,0.125,0.6193548387096774,0,False
1927972279,2016-04-20,8,,,,,0.1111111111111111,0.6193548387096774,0,False
1927972279,2016-04-21,9,,,,,0.1,0.6193548387096774,0,False
1927972279,2016-04-22,10,,,,,0.0909090909090909,0.6193548387096774,0,False
1927972279,2016-04-23,11,,,,,0.0833333333333333,0.6193548387096774,0,False
1927972279,2016-04-24,12,,,,,0.0769230769230769,0.6193548387096774,0,False
1927972279,2016-04-25,13,,,,,0.0714285714285714,0.6193548387096774,0,False
1927972279,2016-04-26,14,,,,,0.0714285714285714,0.6193548387096774,0,False
1927972279,2016-04-27,15,,,,,0.0,0.6193548387096774,0,False
1927972279,2016-04-28,16,,,,,0.0,0.6193548387096774,0,False
1927972279,2016-04-29,17,,,,,0.0,0.6193548387096774,0,False
1927972279,2016-04-30,18,,,,,0.0,0.6193548387096774,0,False
1927972279,2016-05-01,19,,,,,0.0,0.6193548387096774,0,False
1927972279,2016-05-02,20,,,,,0.0,0.6193548387096774,0,False
1927972279,2016-05-03,21,,,,,0.0,0.6193548387096774,0,False
1927972279,2016-05-04,22,,,,,0.0,0.6193548387096774,0,False
1927972279,2016-05-05,23,,,,,0.0,0.6193548387096774,0,False
1927972279,2016-05-06,24,,,,,0.0,0.6193548387096774,0,False
1927972279,2016-05-07,25,,,,,0.0,0.6193548387096774,0,False
1927972279,2016-05-08,26,,,,,0.0,0.6193548387096774,0,False
1927972279,2016-05-09,27,,,,,0.0,0.6193548387096774,0,False
1927972279,2016-05-10,28,,,,,0.0,0.6193548387096774,0,False
1927972279,2016-05-11,29,,,,,0.0,0.6193548387096774,0,False
1927972279,2016-05-12,30,,,,,0.0,0.6193548387096774,0,False
2022484408,2016-04-12,0,-0.044919468219217,,-0.044919468219217,0.0,,1.0,0,False
2022484408,2016-04-13,1,-0.1510828318032595,,-0.1510828318032595,-0.0132704204480053,,1.0,0,False
2022484408,2016-04-14,2,0.4300101763377517,,0.4300101763377517,0.0527699605063298,,1.0,0,False
2022484408,2016-04-15,3,0.2704445033535482,0.1051213238575883,0.2704445033535482,0.0343516856831922,,1.0,0,False
2022484408,2016-04-16,4,0.3962106826463556,0.1102825377163931,0.3962106826463556,0.0404347039153987,0.4,1.0,0,True
2022484408,2016-04-17,5,-0.5248277470247997,-0.0959816557611165,-0.5248277470247997,-0.0273729458790399,0.3333333333333333,1.0,0,True
2022484408,2016-04-18,6,-0.5209178714699848,-0.0793330672084613,-0.5209178714699848,-0.0392959669737913,0.4285714285714285,1.0,0,True
2022484408,2016-04-19,7,-0.2280334577567936,-0.0261591413625109,-0.2280334577567936,-0.0303196662776573,0.5,1.0,0,True
2022484408,2016-04-20,8,-0.7412380230354421,-0.0843078844617403,-0.7412380230354421,-0.0582886995948459,0.4444444444444444,1.0,0,True
2022484408,2016-04-21,9,-0.3350206561673063,-0.109290118929294,-0.3350206561673063,-0.0340889491709666,0.5,1.0,0,True
2022484408,2016-04-22,10,-0.2350917182970917,-0.0722194602358057,-0.2350917182970917,-0.0134390044086343,0.5454545454545454,1.0,0,True
2022484408,2016-04-23,11,1.119092344164712,0.1032688087883366,1.119092344164712,0.0915506331098966,0.5833333333333334,1.0,0,False
2022484408,2016-04-24,12,0.1505297779092908,0.0964796464191557,0.1505297779092908,0.0483549692355169,0.5384615384615384,1.0,0,False
2022484408,2016-04-25,13,0.2283933019137784,0.1070444533405376,0.2283933019137784,0.0326066826492096,0.5714285714285714,1.0,0,False
2022484408,2016-04-26,14,0.4815332517013159,0.1013666727797299,0.4815332517013159,0.0528653853897047,0.6428571428571429,1.0,0,False
2022484408,2016-04-27,15,0.2678705761659821,0.1441583713144892,0.2678705761659821,0.0228510787388471,0.6428571428571429,1.0,0,False
2022484408,2016-04-28,16,0.1872683580086343,0.0746127163108486,0.1872683580086343,0.0110947331070571,0.5714285714285714,1.0,0,False
2022484408,2016-04-29,17,-0.0075129139362489,0.0325112577658346,-0.0075129139362489,-0.0153952145178201,0.5714285714285714,1.0,0,True
2022484408,2016-04-30,18,-0.9030213703092788,-0.2888733877819986,-0.9030213703092788,-0.0397317406078701,0.5,1.0,0,True
2022484408,2016-05-01,19,-0.2404355117660872,-0.0558521842393397,-0.2404355117660872,-0.0449419392401407,0.5714285714285714,1.0,0,True
2022484408,2016-05-02,20,-0.1295517972844321,-0.0511350141711729,-0.1295517972844321,-0.0311244161274525,0.5714285714285714,1.0,0,True
2022484408,2016-05-03,21,-0.2247158526447924,-0.1008927291923011,-0.2247158526447924,-0.0217664158978188,0.5,1.0,0,True
2022484408,2016-05-04,22,-0.0521335894023608,-0.0457148807954775,-0.0521335894023608,-0.0023919837432646,0.5714285714285714,1.0,0,False
2022484408,2016-05-05,23,0.1012110173516871,-0.0122939058081353,0.1012110173516871,0.0211302500086527,0.5714285714285714,1.0,0,False
2022484408,2016-05-06,24,0.5555670570530234,0.0804399958556103,0.5555670570530234,0.0648157616176903,0.5714285714285714,1.0,0,False
2022484408,2016-05-07,25,0.6842856822374508,0.2267581503638185,0.6842856822374508,0.0384307813645254,0.5714285714285714,1.0,0,False
2022484408,2016-05-08,26,1.4710256757103028,0.24449445535377,1.4710256757103028,0.1073593554556748,0.6428571428571429,1.0,0,False
2022484408,2016-05-09,27,0.23418241150519,0.0519620298270889,0.23418241150519,0.0590075670496036,0.5714285714285714,1.0,0,False
2022484408,2016-05-10,28,-0.1075977124493091,0.016731162885069,-0.1075977124493091,0.0027895874239934,0.5,1.0,0,False
2022484408,2016-05-11,29,-0.5243468056125902,-0.0674590308871755,-0.5243468056125902,-0.0507151446843232,0.5,1.0,0,False
2022484408,2016-05-12,30,-0.2291022164505927,-0.047187604828897,-0.2291022164505927,-0.0614027316223141,0.5714285714285714,1.0,0,False
2026352035,2016-04-12,0,0.1155888940640709,,0.1155888940640709,0.0,,0.7290322580645161,0,False
2026352035,2016-04-13,1,-1.598241276770433,,-1.598241276770433,-0.214228771354313,,0.7290322580645161,0,False
2026352035,2016-04-14,2,-0.5947068119257519,,-0.5947068119257519,-0.0789217451099803,,0.7290322580645161,0,False
2026352035,2016-04-15,3,-0.0573386530074291,-0.0576425156904999,-0.0573386530074291,-0.0149160438735531,,0.7290322580645161,0,False
2026352035,2016-04-16,4,0.295652397784386,0.0450158759300788,0.295652397784386,0.0210766891182631,0.6,0.7290322580645161,0,False
2026352035,2016-04-17,5,1.6627223205312092,0.3094266852934277,1.6627223205312092,0.1223608819477054,0.6666666666666666,0.7290322580645161,0,False
2026352035,2016-04-18,6,,0.3094266852934277,,,0.5714285714285714,0.7290322580645161,0,False
2026352035,2016-04-19,7,,0.3094266852934277,,,0.5,0.7290322580645161,0,False
2026352035,2016-04-20,8,,0.8152408993254106,,,0.4444444444444444,0.7290322580645161,0,False
2026352035,2016-04-21,9,,0.7524763774856537,,,0.4,0.7290322580645161,0,False
2026352035,2016-04-22,10,,,,,0.3636363636363636,0.7290322580645161,0,False
2026352035,2016-04-23,11,,,,,0.3333333333333333,0.7290322580645161,0,False
2026352035,2016-04-24,12,,,,,0.3076923076923077,0.7290322580645161,0,False
2026352035,2016-04-25,13,-0.6939234823671053,,-0.6939234823671053,-0.0938842528784634,0.2857142857142857,0.7290322580645161,1,False
2026352035,2016-04-26,14,,,,,0.2857142857142857,0.7290322580645161,0,False
2026352035,2016-04-27,15,,,,,0.2857142857142857,0.7290322580645161,0,False
2026352035,2016-04-28,16,,,,,0.2142857142857142,0.7290322580645161,0,False
2026352035,2016-04-29,17,,,,,0.1428571428571428,0.7290322580645161,0,False
2026352035,2016-04-30,18,,,,,0.0714285714285714,0.7290322580645161,0,False
2026352035,2016-05-01,19,,,,,0.0,0.7290322580645161,0,False
2026352035,2016-05-02,20,,,,,0.0,0.7290322580645161,0,False
2026352035,2016-05-03,21,,,,,0.0,0.7290322580645161,0,False
2026352035,2016-05-04,22,,,,,0.0,0.7290322580645161,0,False
2026352035,2016-05-05,23,,,,,0.0,0.7290322580645161,0,False
2026352035,2016-05-06,24,,,,,0.0,0.7290322580645161,0,False
2026352035,2016-05-07,25,,,,,0.0,0.7290322580645161,0,False
2026352035,2016-05-08,26,,,,,0.0,0.7290322580645161,0,False
2026352035,2016-05-09,27,,,,,0.0,0.7290322580645161,0,False
2026352035,2016-05-10,28,2.435481820540515,,2.435481820540515,0.1581511179213838,0.0,0.7290322580645161,0,False
2026352035,2016-05-11,29,0.2909349097742782,,0.2909349097742782,0.0919137876227495,0.0,0.7290322580645161,0,False
2026352035,2016-05-12,30,0.4389024159225312,,0.4389024159225312,0.060167069237689,0.0714285714285714,0.7290322580645161,0,False
2320127002,2016-04-12,0,-0.6662035410620469,,-0.6662035410620469,0.0,,0.9870967741935484,0,True
2320127002,2016-04-13,1,2.3941864130468344,,2.3941864130468344,0.3825487442636102,,0.9870967741935484,0,False
2320127002,2016-04-14,2,2.7028866171134687,,2.7028866171134687,0.3743433509083906,,0.9870967741935484,0,False
2320127002,2016-04-15,3,1.4875348007726792,0.7179127806115755,1.4875348007726792,0.22023719300185,,0.9870967741935484,0,False
2320127002,2016-04-16,4,1.002839997605986,0.4172608846670083,1.002839997605986,0.1486506801622596,0.4,0.9870967741935484,0,False
2320127002,2016-04-17,5,0.4579797020806155,0.2248366486285325,0.4579797020806155,0.0888875372074874,0.3333333333333333,0.9870967741935484,0,False
2320127002,2016-04-18,6,0.171855418110233,0.13967649319538,0.171855418110233,0.053731070001746,0.2857142857142857,0.9870967741935484,0,True
2320127002,2016-04-19,7,-0.2065629085522701,0.0656629475013967,-0.2065629085522701,-0.0092310675246218,0.25,0.9870967741935484,0,True
2320127002,2016-04-20,8,-0.6276991783242096,-0.4316979416244348,-0.6276991783242096,-0.0504639611609853,0.2222222222222222,0.9870967741935484,1,True
2320127002,2016-04-21,9,0.1825556945802151,-0.3600472746476076,0.1825556945802151,0.0052828159922117,0.3,0.9870967741935484,0,True
2320127002,2016-04-22,10,-0.0024260279176885,-0.2128515469557667,-0.0024260279176885,0.0133733655215135,0.2727272727272727,0.9870967741935484,0,True
2320127002,2016-04-23,11,0.1788965326785632,-0.117706209275346,0.1788965326785632,0.0312929624965946,0.3333333333333333,0.9870967741935484,0,True
2320127002,2016-04-24,12,0.3557837455152368,-0.0145994223664826,0.3557837455152368,0.0420843220009253,0.3846153846153846,0.9870967741935484,0,True
2320127002,2016-04-25,13,0.4469024210510691,0.039292428991548,0.4469024210510691,0.0459612911586279,0.4285714285714285,0.9870967741935484,0,False
2320127002,2016-04-26,14,0.48873329460859,0.09932802902298,0.48873329460859,0.0491016757776863,0.5,0.9870967741935484,0,False
2320127002,2016-04-27,15,0.6351829334451591,0.180411730252767,0.6351829334451591,0.0431891988088916,0.5,0.9870967741935484,0,False
2320127002,2016-04-28,16,0.8975060325007057,0.1021357625600701,0.8975060325007057,0.0777651106739597,0.5,0.9870967741935484,0,False
2320127002,2016-04-29,17,0.9640085279708795,0.1380620794126526,0.9640085279708795,0.0776344263203293,0.5714285714285714,0.9870967741935484,0,False
2320127002,2016-04-30,18,0.1821398807277547,0.0004633354355988,0.1821398807277547,0.0237093098541018,0.5714285714285714,0.9870967741935484,0,False
2320127002,2016-05-01,19,0.6291120511992366,0.039046900812,0.6291120511992366,0.0273843122834665,0.6428571428571429,0.9870967741935484,0,False
2320127002,2016-05-02,20,0.0693988848639791,-0.0539290765981556,0.0693988848639791,-0.0072391211647399,0.6428571428571429,0.9870967741935484,0,True
2320127002,2016-05-03,21,-0.8909647887786665,-0.1970997261981794,-0.8909647887786665,-0.0840973616271431,0.6428571428571429,0.9870967741935484,0,True
2320127002,2016-05-04,22,0.0819287422847871,-0.0790363130229102,0.0819287422847871,-0.0439891454583869,0.7142857142857143,0.9870967741935484,0,False
2320127002,2016-05-05,23,-0.4076504876021417,-0.1864509314432638,-0.4076504876021417,-0.0505510840634056,0.6428571428571429,0.9870967741935484,0,True
2320127002,2016-05-06,24,-0.2215599281643435,-0.1693669223050318,-0.2215599281643435,-0.0290990494083748,0.7142857142857143,0.9870967741935484,0,False
2320127002,2016-05-07,25,-0.8514901937184216,-0.1476614392065965,-0.8514901937184216,-0.0794719275350116,0.6428571428571429,0.9870967741935484,0,False
2320127002,2016-05-08,26,-0.2746177757382964,-0.1291042609910761,-0.2746177757382964,-0.032195872576223,0.6428571428571429,0.9870967741935484,0,False
2320127002,2016-05-09,27,0.2625028379466101,0.0275862790118044,0.2625028379466101,0.0117299107713127,0.6428571428571429,0.9870967741935484,0,False
2320127002,2016-05-10,28,-0.4761766104876231,0.0592554540415776,-0.4761766104876231,-0.0441039892843046,0.5714285714285714,0.9870967741935484,0,False
2320127002,2016-05-11,29,-0.2468136894704412,-0.0469632045364611,-0.2468136894704412,-0.008217273751004,0.5714285714285714,0.9870967741935484,0,False
2320127002,2016-05-12,30,0.4357308888816319,0.1204830537833962,0.4357308888816319,0.0296811888018194,0.5714285714285714,0.9870967741935484,0,False
2347167796,2016-04-12,0,,,,0.0,,0.6666666666666666,0,False
2347167796,2016-04-13,1,,,,,,0.6666666666666666,0,False
2347167796,2016-04-14,2,,,,,,0.6666666666666666,0,False
2347167796,2016-04-15,3,,,,,,0.6666666666666666,0,False
2347167796,2016-04-16,4,,,,,0.0,0.6666666666666666,0,False
2347167796,2016-04-17,5,,,,,0.0,0.6666666666666666,0,False
2347167796,2016-04-18,6,,,,,0.0,0.6666666666666666,0,False
2347167796,2016-04-19,7,,,,,0.0,0.6666666666666666,0,False
2347167796,2016-04-20,8,,,,,0.0,0.6666666666666666,0,False
2347167796,2016-04-21,9,,,,,0.0,0.6666666666666666,0,False
2347167796,2016-04-22,10,,,,,0.0,0.6666666666666666,0,False
2347167796,2016-04-23,11,,,,,0.0,0.6666666666666666,0,False
2347167796,2016-04-24,12,,,,,0.0,0.6666666666666666,0,False
2347167796,2016-04-25,13,,,,,0.0,0.6666666666666666,0,False
2347167796,2016-04-26,14,,,,,0.0,0.6666666666666666,0,False
2347167796,2016-04-27,15,-0.1382577147966766,,-0.1382577147966766,-0.004235676350812,0.0,0.6666666666666666,0,False
2347167796,2016-04-28,16,0.5115523741287877,,0.5115523741287877,0.0097128500095393,0.0714285714285714,0.6666666666666666,0,False
2347167796,2016-04-29,17,1.3868210591525876,,1.3868210591525876,0.0960764878872351,0.1428571428571428,0.6666666666666666,0,False
2873212765,2016-04-12,0,-0.2047291311108324,,-0.2047291311108324,0.0,,1.0,0,True
2873212765,2016-04-13,1,1.35092897691432,,1.35092897691432,0.194457263503144,,1.0,0,False
2873212765,2016-04-14,2,0.4534212165861415,,0.4534212165861415,0.0731278164107748,,1.0,0,False
2873212765,2016-04-15,3,-0.0777871653774556,0.0423139885777922,-0.0777871653774556,0.010729815048985,,1.0,0,False
2873212765,2016-04-16,4,-0.6567679854206878,-0.1130097135774638,-0.6567679854206878,-0.0436125713221822,0.2,1.0,0,False
2873212765,2016-04-17,5,1.6423507536447532,0.369415976951117,1.6423507536447532,0.1159621813667669,0.3333333333333333,1.0,0,False
2873212765,2016-04-18,6,0.441164466318647,0.1076489329049131,0.441164466318647,0.0678867144445398,0.2857142857142857,1.0,0,False
2873212765,2016-04-19,7,0.1524911729815306,0.0510314720131946,0.1524911729815306,0.0310339266032182,0.25,1.0,0,False
2873212765,2016-04-20,8,-0.308271846333538,-0.2370286890354083,-0.308271846333538,-0.0052175199551383,0.2222222222222222,1.0,0,True
2873212765,2016-04-21,9,-0.445778553038223,-0.1284571099463378,-0.445778553038223,-0.0329499650048227,0.2,1.0,0,True
2873212765,2016-04-22,10,-0.2407565485637705,-0.0232813404551878,-0.2407565485637705,-0.0407556106778205,0.2727272727272727,1.0,0,True
2873212765,2016-04-23,11,-1.1300518735275331,-0.0676119840152636,-1.1300518735275331,-0.1199027354210205,0.25,1.0,1,True
2873212765,2016-04-24,12,0.1888487385898222,-0.2076431450078472,0.1888487385898222,0.0108772026183392,0.3076923076923077,1.0,0,False
2873212765,2016-04-25,13,0.2746872589817025,-0.023782458190992,0.2746872589817025,0.034930853936943,0.3571428571428571,1.0,0,False
2873212765,2016-04-26,14,0.1452691820831753,-0.0010317129854793,0.1452691820831753,0.0369353248801599,0.3571428571428571,1.0,0,False
2873212765,2016-04-27,15,1.3296756894134458,0.233992505106712,1.3296756894134458,0.0946876700559058,0.3571428571428571,1.0,0,False
2873212765,2016-04-28,16,0.2857059536666217,0.1044977866721206,0.2857059536666217,0.0492392391698477,0.3571428571428571,1.0,0,False
2873212765,2016-04-29,17,0.3464944827710638,0.0838930044764049,0.3464944827710638,0.0450003726752212,0.4285714285714285,1.0,0,False
2873212765,2016-04-30,18,-0.3291949856790588,0.1144081268354963,-0.3291949856790588,-0.025893048184144,0.4285714285714285,1.0,0,True
2873212765,2016-05-01,19,-0.1535148985116385,-0.0489090910144943,-0.1535148985116385,-0.0256277505593065,0.4285714285714285,1.0,0,True
2873212765,2016-05-02,20,-0.2488864468893477,-0.0747962436958642,-0.2488864468893477,-0.0362809240722274,0.4285714285714285,1.0,0,True
2873212765,2016-05-03,21,-0.4279918211685593,-0.081894429035962,-0.4279918211685593,-0.0645321733660385,0.4285714285714285,1.0,0,True
2873212765,2016-05-04,22,-0.1300331109621289,-0.208529828625082,-0.1300331109621289,-0.0015446217268319,0.5,1.0,0,True
2873212765,2016-05-05,23,-0.2288299464516295,-0.0735051285883215,-0.2288299464516295,-0.014809502968709,0.5,1.0,0,True
2873212765,2016-05-06,24,0.1467135802628464,-0.0285401289297453,0.1467135802628464,0.0093384763942814,0.5,1.0,0,False
2873212765,2016-05-07,25,0.7371422875929572,0.1523338961817166,0.7371422875929572,0.043620825026066,0.5714285714285714,1.0,0,False
2873212765,2016-05-08,26,0.0735032268132332,0.032431160760696,0.0735032268132332,0.0249379767347289,0.5,1.0,0,False
2873212765,2016-05-09,27,0.0813442455028761,0.0471758131988891,0.0813442455028761,0.0156348733570924,0.5,1.0,0,False
2873212765,2016-05-10,28,-0.1154240550877416,0.0446525380115454,-0.1154240550877416,0.0004716402219334,0.5,1.0,0,False
2873212765,2016-05-11,29,0.201188025896155,0.0473173052654691,0.201188025896155,0.002428947142957,0.5,1.0,0,False
2873212765,2016-05-12,30,-0.1921835012074037,0.0052352064634608,-0.1921835012074037,-0.0272136408055576,0.5,1.0,0,False
3372868164,2016-04-12,0,0.2869343107805575,,0.2869343107805575,0.0,,0.99,0,False
3372868164,2016-04-13,1,-5.105881165852681,,-5.105881165852681,-0.6741019345791548,,0.99,0,True
3372868164,2016-04-14,2,-2.2146921620190776,,-2.2146921620190776,-0.2779584969777372,,0.99,0,True
3372868164,2016-04-15,3,-0.7677339877104643,-0.3515560994970072,-0.7677339877104643,-0.0982522566080446,,0.99,0,True
3372868164,2016-04-16,4,-0.2007854947048117,-0.1219299513713422,-0.2007854947048117,-0.0278433407760955,0.6,0.99,0,True
3372868164,2016-04-17,5,-0.3832869242557302,-0.1340442470072575,-0.3832869242557302,-0.028831930569733,0.5,0.99,0,True
3372868164,2016-04-18,6,-0.0314594471683126,-0.0530656263248116,-0.0314594471683126,-0.0057280055690171,0.5714285714285714,0.99,0,True
3372868164,2016-04-19,7,0.2021288137773425,-0.0121150710004592,0.2021288137773425,0.0453394417121187,0.625,0.99,0,False
3372868164,2016-04-20,8,0.6582806210582349,0.8234516838444165,0.6582806210582349,0.0556275600057088,0.6666666666666666,0.99,0,False
3372868164,2016-04-21,9,-0.2598915338961723,0.2792572325889865,-0.2598915338961723,0.0015507290880587,0.6,0.99,0,True
3372868164,2016-04-22,10,0.7416274635129947,0.2156230644604941,0.7416274635129947,0.0474329259809981,0.6363636363636364,0.99,0,False
3372868164,2016-04-23,11,0.1708186242837556,0.0530863027126524,0.1708186242837556,0.0347605617145177,0.5833333333333334,0.99,0,True
3372868164,2016-04-24,12,0.0810944084543542,0.0663401903871548,0.0810944084543542,0.0090523810515431,0.5384615384615384,0.99,0,True
3372868164,2016-04-25,13,0.2162065262798762,0.0353808533497412,0.2162065262798762,0.014087404559334,0.5714285714285714,0.99,0,False
3372868164,2016-04-26,14,-0.4429696408267128,-0.0921569220862936,-0.4429696408267128,-0.0357297673945545,0.5714285714285714,0.99,0,False
3372868164,2016-04-27,15,-0.298155774144023,-0.1366337707431797,-0.298155774144023,-0.0223886512088487,0.6428571428571429,0.99,0,False
3372868164,2016-04-28,16,-0.0738282734711188,0.0265804657750076,-0.0738282734711188,-0.0367086651313916,0.6428571428571429,0.99,0,False
3372868164,2016-04-29,17,-0.4674953905600426,-0.1727318362961482,-0.4674953905600426,-0.0227181811400612,0.5714285714285714,0.99,0,False
3372868164,2016-04-30,18,0.2503661804727712,0.0113639365984307,0.2503661804727712,0.0045261905257715,0.5714285714285714,0.99,0,False
3372868164,2016-05-01,19,0.9745033582838228,0.1276298499756383,0.9745033582838228,0.0658526799300964,0.6428571428571429,0.99,0,False
3977333714,2016-04-12,0,0.2466366298327398,,0.2466366298327398,0.0,,0.96,0,False
3977333714,2016-04-13,1,-1.1629823125835244,,-1.1629823125835244,-0.176202367802033,,0.96,0,True
3977333714,2016-04-14,2,0.3834728707251591,,0.3834728707251591,0.0152040267658243,,0.96,0,True
3977333714,2016-04-15,3,-1.4660179927347596,-0.5708848741891664,-1.4660179927347596,-0.1590759176248005,,0.96,0,True
3977333714,2016-04-16,4,-1.0151110048109993,-0.3154369086609347,-1.0151110048109993,-0.1227673375283058,0.4,0.96,0,True
3977333714,2016-04-17,5,-1.1009102320143096,-0.2695093723694098,-1.1009102320143096,-0.1149398182055926,0.3333333333333333,0.96,0,True
3977333714,2016-04-18,6,-1.3815871032136169,-0.2713706221743928,-1.3815871032136169,-0.1234895317924092,0.2857142857142857,0.96,1,True
3977333714,2016-04-19,7,-0.1243873413388922,-0.0530034244530903,-0.1243873413388922,-0.0431983647629609,0.375,0.96,0,False
3977333714,2016-04-20,8,0.8428511919435573,0.2865476435038688,0.8428511919435573,0.0489178438757059,0.4444444444444444,0.96,0,False
3977333714,2016-04-21,9,1.1312424212749148,0.1068242215071079,1.1312424212749148,0.1273030927007786,0.5,0.96,0,False
3977333714,2016-04-22,10,0.5088011162716692,0.282117015572347,0.5088011162716692,0.0833492549902693,0.4545454545454545,0.96,0,False
3977333714,2016-04-23,11,0.7106903180704185,0.2465430461259168,0.7106903180704185,0.0809840500472947,0.5,0.96,0,False
3977333714,2016-04-24,12,-0.3215488736118483,0.1113373369146372,-0.3215488736118483,-0.0011557943027362,0.4615384615384615,0.96,0,False
3977333714,2016-04-25,13,-0.3747435489532925,0.1438347934657606,-0.3747435489532925,-0.0690269853899614,0.4285714285714285,0.96,0,False
3977333714,2016-04-26,14,-0.2583780857385923,-0.0191415349142428,-0.2583780857385923,-0.0567056857892889,0.5,0.96,0,False
3977333714,2016-04-27,15,0.0679437323322874,-0.1107010656587528,0.0679437323322874,-0.0025607545343093,0.5714285714285714,0.96,0,False
3977333714,2016-04-28,16,0.9038079742706931,-0.0324906352863174,0.9038079742706931,0.0667654908109805,0.5714285714285714,0.96,0,False
3977333714,2016-04-29,17,0.039402068978173,-0.0670570067562137,0.039402068978173,0.0237559116976635,0.5714285714285714,0.96,0,False
3977333714,2016-04-30,18,0.2651407431642942,-0.0636499392723035,0.2651407431642942,0.0318982789880519,0.5714285714285714,0.96,0,True
3977333714,2016-05-01,19,-0.7150115100778615,-0.0562089480665733,-0.7150115100778615,-0.0587050357677106,0.5714285714285714,0.96,0,True
3977333714,2016-05-02,20,-0.7345153278377495,-0.0513959684120653,-0.7345153278377495,-0.0774228249749207,0.5714285714285714,0.96,0,False
3977333714,2016-05-03,21,-0.8796458115801189,-0.0887525322630752,-0.8796458115801189,-0.0884028899381713,0.5,0.96,0,False
3977333714,2016-05-04,22,-0.2601589536540978,-0.0468718122837693,-0.2601589536540978,-0.05290012975959,0.5,0.96,0,False
3977333714,2016-05-05,23,-0.2119344940667622,-0.159391781191065,-0.2119344940667622,-0.0015368681012795,0.5,0.96,0,False
3977333714,2016-05-06,24,-0.2019156097735596,-0.0344739541073903,-0.2019156097735596,-0.0045471021978769,0.5714285714285714,0.96,0,False
3977333714,2016-05-07,25,0.5630774040808271,0.0425623801309332,0.5630774040808271,0.0552254994542657,0.5714285714285714,0.96,0,False
3977333714,2016-05-08,26,0.1672039833130191,0.1260307847701257,0.1672039833130191,0.0341571375460263,0.5714285714285714,0.96,0,False
3977333714,2016-05-09,27,,0.1502865518584614,,,0.5714285714285714,0.96,0,False
3977333714,2016-05-10,28,,0.2093699589786276,,,0.5,0.96,0,False
3977333714,2016-05-11,29,,0.1068407342417792,,,0.4285714285714285,0.96,0,False
4020332650,2016-04-12,0,-0.7335657220224838,,-0.7335657220224838,0.0,,0.6129032258064515,0,False
4020332650,2016-04-13,1,,,,,,0.6129032258064515,0,False
4020332650,2016-04-14,2,,,,,,0.6129032258064515,0,False
4020332650,2016-04-15,3,,,,,,0.6129032258064515,0,False
4020332650,2016-04-16,4,,,,,0.0,0.6129032258064515,0,False
4020332650,2016-04-17,5,,,,,0.0,0.6129032258064515,0,False
4020332650,2016-04-18,6,,,,,0.0,0.6129032258064515,0,False
4020332650,2016-04-19,7,,,,,0.0,0.6129032258064515,0,False
4020332650,2016-04-20,8,,,,,0.0,0.6129032258064515,0,False
4020332650,2016-04-21,9,,,,,0.0,0.6129032258064515,0,False
4020332650,2016-04-22,10,,,,,0.0,0.6129032258064515,0,False
4020332650,2016-04-23,11,,,,,0.0,0.6129032258064515,0,False
4020332650,2016-04-24,12,,,,,0.0,0.6129032258064515,0,False
4020332650,2016-04-25,13,,,,,0.0,0.6129032258064515,0,False
4020332650,2016-04-26,14,,,,,0.0,0.6129032258064515,0,False
4020332650,2016-04-27,15,,,,,0.0,0.6129032258064515,0,False
4020332650,2016-04-28,16,,,,,0.0,0.6129032258064515,0,False
4020332650,2016-04-29,17,,,,,0.0,0.6129032258064515,0,False
4020332650,2016-04-30,18,,,,,0.0,0.6129032258064515,0,False
4020332650,2016-05-01,19,,,,,0.0,0.6129032258064515,0,False
4020332650,2016-05-02,20,,,,,0.0,0.6129032258064515,0,False
4020332650,2016-05-03,21,,,,,0.0,0.6129032258064515,0,False
4020332650,2016-05-04,22,,,,,0.0,0.6129032258064515,0,False
4020332650,2016-05-05,23,,,,,0.0,0.6129032258064515,0,False
4020332650,2016-05-06,24,,,,,0.0,0.6129032258064515,0,False
4020332650,2016-05-07,25,,,,,0.0,0.6129032258064515,0,False
4020332650,2016-05-08,26,,,,,0.0,0.6129032258064515,0,False
4020332650,2016-05-09,27,,,,,0.0,0.6129032258064515,0,False
4020332650,2016-05-10,28,,,,,0.0,0.6129032258064515,0,False
4020332650,2016-05-11,29,,,,,0.0,0.6129032258064515,0,False
4020332650,2016-05-12,30,,,,,0.0,0.6129032258064515,0,False
4057192912,2016-04-12,0,-0.1445201781402299,,-0.1445201781402299,0.0,,1.0,0,False
4057192912,2016-04-13,1,-0.5754800923887304,,-0.5754800923887304,-0.0538699892810625,,1.0,0,False
4057192912,2016-04-14,2,2.109938873272238,,2.109938873272238,0.2504954501569409,,1.0,0,False
4057192912,2016-04-15,3,0.6498578293133424,0.2647926691511906,0.6498578293133424,0.0947740294179245,,1.0,0,False
4319703577,2016-04-12,0,,,,0.0,,0.7419354838709677,0,False
4319703577,2016-04-13,1,,,,,,0.7419354838709677,0,False
4319703577,2016-04-14,2,,,,,,0.7419354838709677,0,False
4319703577,2016-04-15,3,,,,,,0.7419354838709677,0,False
4319703577,2016-04-16,4,,,,,0.0,0.7419354838709677,0,False
4319703577,2016-04-17,5,,,,,0.0,0.7419354838709677,0,False
4319703577,2016-04-18,6,,,,,0.0,0.7419354838709677,0,False
4319703577,2016-04-19,7,,,,,0.0,0.7419354838709677,0,False
4319703577,2016-04-20,8,,,,,0.0,0.7419354838709677,0,False
4319703577,2016-04-21,9,,,,,0.0,0.7419354838709677,0,False
4319703577,2016-04-22,10,,,,,0.0,0.7419354838709677,0,False
4319703577,2016-04-23,11,,,,,0.0,0.7419354838709677,0,False
4319703577,2016-04-24,12,0.198137847981844,,0.198137847981844,-0.0075495109079108,0.0,0.7419354838709677,0,True
4319703577,2016-04-25,13,-0.3621477825797874,,-0.3621477825797874,-0.0276889532918391,0.0,0.7419354838709677,0,True
4319703577,2016-04-26,14,-0.8991624845299424,,-0.8991624845299424,-0.0925001178121207,0.0,0.7419354838709677,1,True
4319703577,2016-04-27,15,-0.7217406778135523,-0.3066261752651321,-0.7217406778135523,-0.1265171326414951,0.0714285714285714,0.7419354838709677,1,False
4319703577,2016-04-28,16,-0.475247199495476,-0.16834626186933,-0.475247199495476,-0.0249844607722154,0.1428571428571428,0.7419354838709677,0,False
4319703577,2016-04-29,17,-0.2339507058567951,-0.0864177107677278,-0.2339507058567951,-0.0115094945406206,0.2142857142857142,0.7419354838709677,0,False
4319703577,2016-04-30,18,-0.3641838377947763,-0.09372028096277,-0.3641838377947763,-0.0380472932594272,0.2142857142857142,0.7419354838709677,0,False
4319703577,2016-05-01,19,0.8550877092356302,0.0938499801791123,0.8550877092356302,0.0624610757408344,0.2857142857142857,0.7419354838709677,0,False
4319703577,2016-05-02,20,0.1098228335020455,0.0674243737259761,0.1098228335020455,0.0366309903244563,0.2857142857142857,0.7419354838709677,0,False
4319703577,2016-05-03,21,-0.1932790735203267,0.1008404872870879,-0.1932790735203267,-0.0039327918128131,0.2857142857142857,0.7419354838709677,0,False
4319703577,2016-05-04,22,,0.0880769340488709,,,0.2857142857142857,0.7419354838709677,0,False
4319703577,2016-05-05,23,,0.0563936251950298,,,0.2857142857142857,0.7419354838709677,0,False
4319703577,2016-05-06,24,,0.0101679080841171,,,0.2857142857142857,0.7419354838709677,0,False
4319703577,2016-05-07,25,,0.0569682547581499,,,0.2857142857142857,0.7419354838709677,0,False
4319703577,2016-05-08,26,,,,,0.2857142857142857,0.7419354838709677,0,False
4319703577,2016-05-09,27,,,,,0.2857142857142857,0.7419354838709677,0,False
4319703577,2016-05-10,28,,,,,0.2857142857142857,0.7419354838709677,0,False
4319703577,2016-05-11,29,,,,,0.2142857142857142,0.7419354838709677,0,False
4319703577,2016-05-12,30,1.5529543054622814,,1.5529543054622814,0.0925692322900604,0.1428571428571428,0.7419354838709677,0,False
4388161847,2016-04-12,0,,,,0.0,,0.5757632185402739,0,False
4388161847,2016-04-13,1,,,,,,0.5757632185402739,0,False
4388161847,2016-04-14,2,,,,,,0.5757632185402739,0,False
4388161847,2016-04-15,3,,,,,,0.5757632185402739,0,False
4388161847,2016-04-16,4,,,,,0.0,0.5757632185402739,0,False
4388161847,2016-04-17,5,,,,,0.0,0.5757632185402739,0,False
4388161847,2016-04-18,6,,,,,0.0,0.5757632185402739,0,False
4388161847,2016-04-19,7,,,,,0.0,0.5757632185402739,0,False
4388161847,2016-04-20,8,,,,,0.0,0.5757632185402739,0,False
4388161847,2016-04-21,9,-0.1342616771862583,,-0.1342616771862583,-0.0172238209392722,0.0,0.5757632185402739,0,False
4388161847,2016-04-22,10,0.4154645556922174,,0.4154645556922174,-0.0061472560856744,0.0909090909090909,0.5757632185402739,0,False
4388161847,2016-04-23,11,-0.6892055321525823,,-0.6892055321525823,-0.0533518600553805,0.0833333333333333,0.5757632185402739,1,False
4388161847,2016-04-24,12,-0.8970402326246718,-0.2542595184794711,-0.8970402326246718,-0.0967221242876097,0.0769230769230769,0.5757632185402739,1,False
4388161847,2016-04-25,13,,-0.2542595184794711,,,0.0714285714285714,0.5757632185402739,0,False
4388161847,2016-04-26,14,,-0.2542595184794711,,,0.0714285714285714,0.5757632185402739,0,False
4388161847,2016-04-27,15,,-0.2542595184794711,,,0.0714285714285714,0.5757632185402739,0,False
4388161847,2016-04-28,16,,-0.2542595184794711,,,0.0714285714285714,0.5757632185402739,0,False
4388161847,2016-04-29,17,,,,,0.0714285714285714,0.5757632185402739,0,False
4388161847,2016-04-30,18,,,,,0.0714285714285714,0.5757632185402739,0,False
4388161847,2016-05-01,19,,,,,0.0714285714285714,0.5757632185402739,0,False
4388161847,2016-05-02,20,,,,,0.0714285714285714,0.5757632185402739,0,False
4388161847,2016-05-03,21,,,,,0.0714285714285714,0.5757632185402739,0,False
4388161847,2016-05-04,22,,,,,0.0714285714285714,0.5757632185402739,0,False
4388161847,2016-05-05,23,,,,,0.0714285714285714,0.5757632185402739,0,False
4388161847,2016-05-05,23,,,,,0.0,0.5757632185402739,0,False
4388161847,2016-05-05,24,,,,,0.0714285714285714,0.5757632185402739,0,False
4388161847,2016-05-05,24,,,,,0.0,0.5757632185402739,0,False
4388161847,2016-05-06,25,,,,,0.0,0.5757632185402739,0,False
4388161847,2016-05-07,26,,,,,0.0,0.5757632185402739,0,False
4388161847,2016-05-08,27,,,,,0.0,0.5757632185402739,0,False
4388161847,2016-05-09,28,,,,,0.0,0.5757632185402739,0,False
4388161847,2016-05-10,29,,,,,0.0,0.5757632185402739,0,False
4388161847,2016-05-11,30,,,,,0.0,0.5757632185402739,0,False
4388161847,2016-05-12,31,,,,,0.0,0.5757632185402739,0,False
4445114986,2016-04-12,0,0.0815818107286716,,0.0815818107286716,0.0,,0.832258064516129,0,False
4445114986,2016-04-13,1,1.6418322134661243,,1.6418322134661243,0.1950313003421815,,0.832258064516129,0,False
4445114986,2016-04-14,2,-0.4650926590499608,,-0.4650926590499608,-0.0607416077531813,,0.832258064516129,0,False
4445114986,2016-04-15,3,-0.962882690069524,-0.3481548335993984,-0.962882690069524,-0.1112873554271977,,0.832258064516129,0,False
4445114986,2016-04-16,4,-0.6552089918246649,-0.1841977006383341,-0.6552089918246649,-0.080586079927361,0.4,0.832258064516129,0,False
4445114986,2016-04-17,5,1.8245065496600508,0.3485849477862758,1.8245065496600508,0.1066785038163353,0.5,0.832258064516129,0,False
4445114986,2016-04-18,6,,0.3485849477862758,,,0.4285714285714285,0.832258064516129,0,False
4445114986,2016-04-19,7,,0.3485849477862758,,,0.375,0.832258064516129,0,False
4445114986,2016-04-20,8,,0.0456685840484816,,,0.3333333333333333,0.832258064516129,0,False
4445114986,2016-04-21,9,,0.7631997362366705,,,0.3,0.832258064516129,0,False
4445114986,2016-04-22,10,,,,,0.2727272727272727,0.832258064516129,0,False
4445114986,2016-04-23,11,,,,,0.25,0.832258064516129,0,False
4445114986,2016-04-24,12,,,,,0.2307692307692307,0.832258064516129,0,False
4445114986,2016-04-25,13,,,,,0.2142857142857142,0.832258064516129,0,False
4445114986,2016-04-26,14,,,,,0.2142857142857142,0.832258064516129,0,False
4445114986,2016-04-27,15,,,,,0.1428571428571428,0.832258064516129,0,False
4445114986,2016-04-28,16,,,,,0.1428571428571428,0.832258064516129,0,False
4445114986,2016-04-29,17,,,,,0.1428571428571428,0.832258064516129,0,False
4445114986,2016-04-30,18,,,,,0.0714285714285714,0.832258064516129,0,False
4445114986,2016-05-01,19,-0.3157087364824724,,-0.3157087364824724,-0.0169545569701514,0.0,0.832258064516129,0,True
4445114986,2016-05-02,20,-0.9299140265923874,,-0.9299140265923874,-0.050211385227223,0.0,0.832258064516129,1,True
4445114986,2016-05-03,21,-1.124632049533612,,-1.124632049533612,-0.0988859177372915,0.0,0.832258064516129,1,True
4445114986,2016-05-04,22,-0.0484303983107068,0.0890927793905885,-0.0484303983107068,-0.0594706218192744,0.0714285714285714,0.832258064516129,1,False
4445114986,2016-05-05,23,-0.5518108354192779,-0.0590255247342013,-0.5518108354192779,-0.0684883181582702,0.0714285714285714,0.832258064516129,1,True
4445114986,2016-05-06,24,0.4278880979591419,0.1487193668883228,0.4278880979591419,0.05173896305254,0.1428571428571428,0.832258064516129,0,False
4445114986,2016-05-07,25,0.4001258206870638,0.119305759528256,0.4001258206870638,0.0701999054159793,0.1428571428571428,0.832258064516129,0,False
4445114986,2016-05-08,26,0.0734820315934637,0.0555986811537051,0.0734820315934637,0.047671728637726,0.1428571428571428,0.832258064516129,0,False
4445114986,2016-05-09,27,-0.4313697537090181,0.0712206104119099,-0.4313697537090181,-0.0259564559288247,0.1428571428571428,0.832258064516129,0,False
4445114986,2016-05-10,28,-0.3376813471011147,0.1124215289189281,-0.3376813471011147,-0.057084392608769,0.2142857142857142,0.832258064516129,1,False
4445114986,2016-05-11,29,-1.481486922648119,-0.2047223606196303,-1.481486922648119,-0.0896590999766293,0.2142857142857142,0.832258064516129,1,False
4445114986,2016-05-12,30,0.1118971944369406,0.0948154328366026,0.1118971944369406,-0.0217249883184942,0.2857142857142857,0.832258064516129,0,False
4558609924,2016-04-12,0,,,,0.0,,0.6,0,False
4558609924,2016-04-13,1,,,,,,0.6,0,False
4558609924,2016-04-14,2,,,,,,0.6,0,False
4558609924,2016-04-15,3,,,,,,0.6,0,False
4558609924,2016-04-16,4,,,,,0.0,0.6,0,False
4558609924,2016-04-17,5,,,,,0.0,0.6,0,False
4558609924,2016-04-18,6,,,,,0.0,0.6,0,False
4558609924,2016-04-19,7,,,,,0.0,0.6,0,False
4558609924,2016-04-20,8,,,,,0.0,0.6,0,False
4558609924,2016-04-21,9,,,,,0.0,0.6,0,False
4558609924,2016-04-22,10,,,,,0.0,0.6,0,False
4558609924,2016-04-23,11,,,,,0.0,0.6,0,False
4558609924,2016-04-24,12,,,,,0.0,0.6,0,False
4558609924,2016-04-25,13,,,,,0.0,0.6,0,False
4558609924,2016-04-26,14,,,,,0.0,0.6,0,False
4558609924,2016-04-27,15,,,,,0.0,0.6,0,False
4558609924,2016-04-28,16,,,,,0.0,0.6,0,False
4558609924,2016-04-29,17,,,,,0.0,0.6,0,False
4558609924,2016-04-30,18,,,,,0.0,0.6,0,False
4558609924,2016-05-01,19,,,,,0.0,0.6,0,False
4558609924,2016-05-02,20,,,,,0.0,0.6,0,False
4558609924,2016-05-03,21,,,,,0.0,0.6,0,False
4558609924,2016-05-04,22,,,,,0.0,0.6,0,False
4558609924,2016-05-05,23,,,,,0.0,0.6,0,False
4558609924,2016-05-06,24,,,,,0.0,0.6,0,False
4558609924,2016-05-07,25,,,,,0.0,0.6,0,False
4558609924,2016-05-08,26,,,,,0.0,0.6,0,False
4558609924,2016-05-09,27,,,,,0.0,0.6,0,False
4558609924,2016-05-10,28,,,,,0.0,0.6,0,False
4558609924,2016-05-11,29,,,,,0.0,0.6,0,False
4558609924,2016-05-12,30,,,,,0.0,0.6,0,False
4702921684,2016-04-12,0,0.0943984915247054,,0.0943984915247054,0.0,,0.6757632185402739,0,False
4702921684,2016-04-13,1,1.0181143935225836,,1.0181143935225836,0.1154644877497347,,0.6757632185402739,0,False
4702921684,2016-04-14,2,0.5665475476831546,,0.5665475476831546,0.0524610062398276,,0.6757632185402739,0,False
4702921684,2016-04-15,3,2.1990341894038137,0.7015452326263695,2.1990341894038137,0.2033343425279756,,0.6757632185402739,0,False
4702921684,2016-04-16,4,0.2050841973369346,0.0276714264530573,0.2050841973369346,0.0328000926690834,0.4,0.6757632185402739,0,False
4702921684,2016-04-17,5,-1.9221655864381473,-0.4033128155925705,-1.9221655864381473,-0.145851219913913,0.3333333333333333,0.6757632185402739,0,False
4702921684,2016-04-18,6,0.0976116874517034,0.0005355326544997,0.0976116874517034,-0.0497211718408246,0.4285714285714285,0.6757632185402739,0,False
4702921684,2016-04-19,7,-0.4315604970546261,-0.0751369983684758,-0.4315604970546261,-0.0634386223483614,0.375,0.6757632185402739,0,False
4702921684,2016-04-20,8,-0.629541293196594,-0.2353793838170253,-0.629541293196594,-0.0723015696850387,0.3333333333333333,0.6757632185402739,0,False
4702921684,2016-04-21,9,-0.1533575802013322,-0.1028435896977838,-0.1533575802013322,-0.0422707126002578,0.4,0.6757632185402739,0,False
4702921684,2016-04-22,10,,-0.3920652949341909,,,0.3636363636363636,0.6757632185402739,0,False
4702921684,2016-04-23,11,,-0.0716883555076532,,,0.3333333333333333,0.6757632185402739,0,False
4702921684,2016-04-24,12,,0.4422020015592038,,,0.3076923076923077,0.6757632185402739,0,False
4702921684,2016-04-25,13,,-0.0836564225510118,,,0.2857142857142857,0.6757632185402739,0,False
4702921684,2016-04-26,14,,,,,0.2857142857142857,0.6757632185402739,0,False
4702921684,2016-04-27,15,,,,,0.2142857142857142,0.6757632185402739,0,False
4702921684,2016-04-28,16,,,,,0.2142857142857142,0.6757632185402739,0,False
4702921684,2016-04-29,17,0.4989087052100812,,0.4989087052100812,0.0893398732806691,0.1428571428571428,0.6757632185402739,0,False
4702921684,2016-04-30,18,-0.2615158600786159,,-0.2615158600786159,0.0069882475447356,0.1428571428571428,0.6757632185402739,0,False
4702921684,2016-05-01,19,,,,,0.1428571428571428,0.6757632185402739,0,False
4702921684,2016-05-02,20,,,,,0.0714285714285714,0.6757632185402739,0,False
4702921684,2016-05-03,21,,,,,0.0714285714285714,0.6757632185402739,0,False
4702921684,2016-05-04,22,,,,,0.0714285714285714,0.6757632185402739,0,False
4702921684,2016-05-05,23,,,,,0.0,0.6757632185402739,0,False
4702921684,2016-05-06,24,,,,,0.0,0.6757632185402739,0,False
4702921684,2016-05-07,25,,,,,0.0,0.6757632185402739,0,False
4702921684,2016-05-07,25,,,,,0.0,0.6757632185402739,0,False
4702921684,2016-05-07,26,,,,,0.0,0.6757632185402739,0,False
4702921684,2016-05-07,26,,,,,0.0,0.6757632185402739,0,False
4702921684,2016-05-08,27,,,,,0.0,0.6757632185402739,0,False
4702921684,2016-05-09,28,,,,,0.0,0.6757632185402739,0,False
4702921684,2016-05-10,29,,,,,0.0,0.6757632185402739,0,False
4702921684,2016-05-11,30,,,,,0.0,0.6757632185402739,0,False
4702921684,2016-05-12,31,,,,,0.0,0.6757632185402739,0,False
5553957443,2016-04-12,0,-0.0950735981075092,,-0.0950735981075092,0.0,,0.9935483870967742,0,True
5553957443,2016-04-13,1,2.3122342692047124,,2.3122342692047124,0.3009134834140277,,0.9935483870967742,0,False
5553957443,2016-04-14,2,-0.4253321465884964,,-0.4253321465884964,-0.0366953942756652,,0.9935483870967742,0,True
5553957443,2016-04-15,3,-0.6565643306635327,-0.1871635775186746,-0.6565643306635327,-0.0664121441817235,,0.9935483870967742,0,True
5553957443,2016-04-16,4,-0.8481554584038788,-0.1882704650740924,-0.8481554584038788,-0.0793201219704469,0.2,0.9935483870967742,1,True
5553957443,2016-04-17,5,1.0992397290016738,0.2388626654218365,1.0992397290016738,0.0636012604437354,0.3333333333333333,0.9935483870967742,0,False
5553957443,2016-04-18,6,0.4571678449528811,0.0920402405100649,0.4571678449528811,0.0495644112736178,0.2857142857142857,0.9935483870967742,0,False
5553957443,2016-04-19,7,0.034347212355024,0.0184886872089332,0.034347212355024,0.0181345900780673,0.25,0.9935483870967742,0,False
5553957443,2016-04-20,8,-0.0005616346701348,-0.3303994148392639,-0.0005616346701348,0.0225511965921318,0.2222222222222222,0.9935483870967742,0,True
5553957443,2016-04-21,9,-0.0370047608855212,0.0554753408147107,-0.0370047608855212,-0.0002778154077091,0.2,0.9935483870967742,0,False
5553957443,2016-04-22,10,0.1149626011459718,0.1102181331156434,0.1149626011459718,-0.0086364750497268,0.2727272727272727,0.9935483870967742,0,False
5553957443,2016-04-23,11,-0.7323058819023973,0.0165499395002116,-0.7323058819023973,-0.0810423179045076,0.25,0.9935483870967742,1,False
5553957443,2016-04-24,12,0.1896783948083262,-0.1299373334561925,0.1896783948083262,0.0087223009563803,0.3076923076923077,0.9935483870967742,0,False
5553957443,2016-04-25,13,0.1024620760138768,-0.050672252705572,0.1024620760138768,0.0210062444272271,0.2857142857142857,0.9935483870967742,0,False
5553957443,2016-04-26,14,0.0281376509075575,-0.0008870802067809,0.0281376509075575,0.0100782486305538,0.2857142857142857,0.9935483870967742,0,False
5553957443,2016-04-27,15,0.2520966326094914,0.0360940381828037,0.2520966326094914,0.011147796867684,0.2857142857142857,0.9935483870967742,0,True
5553957443,2016-04-28,16,-0.0728603055320752,-0.0051222206637934,-0.0728603055320752,-0.0048515030915366,0.2857142857142857,0.9935483870967742,0,True
5553957443,2016-04-29,17,-0.2087822547903471,-0.0462492651337598,-0.2087822547903471,-0.0050554744725726,0.2857142857142857,0.9935483870967742,0,True
5553957443,2016-04-30,18,-0.7796534193844996,-0.0067639339260146,-0.7796534193844996,-0.0607947227324641,0.2857142857142857,0.9935483870967742,1,True
5553957443,2016-05-01,19,-0.5523721955104783,-0.1060072271884006,-0.5523721955104783,-0.0509018002269632,0.2857142857142857,0.9935483870967742,1,True
5553957443,2016-05-02,20,-0.1116303867872299,-0.0305846375430152,-0.1116303867872299,-0.0257774441861947,0.3571428571428571,0.9935483870967742,0,False
5553957443,2016-05-03,21,-0.1102300342111723,-0.0197668121598185,-0.1102300342111723,-0.0134718145686758,0.4285714285714285,0.9935483870967742,0,False
5553957443,2016-05-04,22,0.6564379685629533,0.0577630479933516,0.6564379685629533,0.0576295620946938,0.5,0.9935483870967742,0,False
5553957443,2016-05-05,23,0.1653442712832245,0.0340292252593284,0.1653442712832245,0.0491957074347485,0.5,0.9935483870967742,0,True
5553957443,2016-05-06,24,0.4887326763950176,0.0996449901693377,0.4887326763950176,0.0560562499523308,0.5,0.9935483870967742,0,False
5553957443,2016-05-07,25,0.7883172781146499,0.2239958139284499,0.7883172781146499,0.0580629933878514,0.5714285714285714,0.9935483870967742,0,False
5553957443,2016-05-08,26,-0.0960494816342745,0.0651889591251719,-0.0960494816342745,0.0029455427272988,0.5,0.9935483870967742,0,False
5553957443,2016-05-09,27,-0.2488321638829364,-0.0196002538708152,-0.2488321638829364,-0.0179022677356879,0.5,0.9935483870967742,0,False
5553957443,2016-05-10,28,-0.6992836230980114,-0.0841505126981199,-0.6992836230980114,-0.0603863754366245,0.5,0.9935483870967742,0,False
5553957443,2016-05-11,29,0.1412567195817321,-0.0735973212830316,0.1412567195817321,-0.0059261480948622,0.5,0.9935483870967742,0,False
5553957443,2016-05-12,30,0.364616126325502,0.0284674078631824,0.364616126325502,0.0050336275135976,0.5714285714285714,0.9935483870967742,0,False
5577150313,2016-04-12,0,0.0439250843822389,,0.0439250843822389,0.0,,0.92,0,False
5577150313,2016-04-13,1,1.3704267896623308,,1.3704267896623308,0.1658127131600114,,0.92,0,False
5577150313,2016-04-14,2,-0.7517061128076294,,-0.7517061128076294,-0.0884034663544298,,0.92,0,True
5577150313,2016-04-15,3,-0.780146997075357,-0.2746906938191986,-0.780146997075357,-0.0908011577497309,,0.92,0,True
5577150313,2016-04-16,4,-1.081771333561114,-0.2814241044858382,-1.081771333561114,-0.1085695635940081,0.2,0.92,1,True
5577150313,2016-04-17,5,-1.4679704683115948,-0.3023791105387667,-1.4679704683115948,-0.1309385909400815,0.1666666666666666,0.92,1,True
5577150313,2016-04-18,6,-1.0623221451781018,-0.1843745382600568,-1.0623221451781018,-0.1026514385164083,0.2857142857142857,0.92,1,True
5577150313,2016-04-19,7,-0.9253401054940116,-0.1384664556966072,-0.9253401054940116,-0.0864052163772615,0.375,0.92,0,True
5577150313,2016-04-20,8,-0.0631845302353848,-0.2048016171282451,-0.0631845302353848,-0.0033635740599665,0.4444444444444444,0.92,0,True
5577150313,2016-04-21,9,0.0997335941584381,0.1216342438522953,0.0997335941584381,0.0311837541838725,0.5,0.92,0,True
5577150313,2016-04-22,10,0.851620871746201,0.2331096955459368,0.851620871746201,0.0957149721918389,0.5454545454545454,0.92,0,False
5577150313,2016-04-23,11,1.0151944555274937,0.2995665412983725,1.0151944555274937,0.1214794194170042,0.5833333333333334,0.92,0,False
5577150313,2016-04-24,12,-0.7843512845415841,0.0976598833957157,-0.7843512845415841,-0.0026495475059751,0.5384615384615384,0.92,0,False
5577150313,2016-04-25,13,0.2142600259307538,0.1823688815869793,0.2142600259307538,0.0088847382596053,0.5714285714285714,0.92,0,False
5577150313,2016-04-26,14,0.6126216671885234,0.2197088246689335,0.6126216671885234,0.0316449409202798,0.6428571428571429,0.92,0,False
5577150313,2016-04-27,15,0.3964369294258902,0.0656602085230392,0.3964369294258902,0.0398199838950041,0.5714285714285714,0.92,0,False
5577150313,2016-04-28,16,0.2692831835134688,0.0242213699078615,0.2692831835134688,0.027053672024113,0.5714285714285714,0.92,0,True
5577150313,2016-04-29,17,0.2142687355268042,-0.0910503051741995,0.2142687355268042,0.0368437692753313,0.5714285714285714,0.92,0,False
5577150313,2016-04-30,18,0.0257544904156894,-0.1413485664445434,0.0257544904156894,0.0341238410370692,0.5714285714285714,0.92,0,False
5577150313,2016-05-01,19,-0.7975188305582588,-0.001881078002382,-0.7975188305582588,-0.0860924635256616,0.5714285714285714,0.92,0,False
5577150313,2016-05-02,20,-0.8365095529323605,-0.1501099398375877,-0.8365095529323605,-0.0938981027204943,0.5,0.92,0,False
5577150313,2016-05-03,21,-0.9040570643597317,-0.2166683902211792,-0.9040570643597317,-0.0762195282144295,0.4285714285714285,0.92,0,False
5577150313,2016-05-04,22,-0.6201908640933106,-0.1452325419313143,-0.6201908640933106,-0.0555136918831732,0.4285714285714285,0.92,0,False
5577150313,2016-05-05,23,1.6515890109736688,0.1974722610657428,1.6515890109736688,0.0994503255511806,0.4285714285714285,0.92,0,False
5577150313,2016-05-06,24,,0.2395533792411441,,,0.3571428571428571,0.92,0,False
5577150313,2016-05-07,25,,0.3251669041115959,,,0.2857142857142857,0.92,0,False
5577150313,2016-05-08,26,,0.6122769603829818,,,0.2857142857142857,0.92,0,False
5577150313,2016-05-09,27,,0.8293661879686764,,,0.2142857142857142,0.92,0,False
5577150313,2016-05-10,28,,,,,0.1428571428571428,0.92,0,False
5577150313,2016-05-11,29,,,,,0.1428571428571428,0.92,0,False
6117666160,2016-04-12,0,,,,0.0,,0.6428571428571428,0,False
6117666160,2016-04-13,1,,,,,,0.6428571428571428,0,False
6117666160,2016-04-14,2,,,,,,0.6428571428571428,0,False
6117666160,2016-04-15,3,,,,,,0.6428571428571428,0,False
6117666160,2016-04-16,4,,,,,0.0,0.6428571428571428,0,False
6117666160,2016-04-17,5,,,,,0.0,0.6428571428571428,0,False
6117666160,2016-04-18,6,,,,,0.0,0.6428571428571428,0,False
6117666160,2016-04-19,7,,,,,0.0,0.6428571428571428,0,False
6117666160,2016-04-20,8,,,,,0.0,0.6428571428571428,0,False
6117666160,2016-04-21,9,,,,,0.0,0.6428571428571428,0,False
6117666160,2016-04-22,10,-0.6724738213563082,,-0.6724738213563082,-0.0870778292763525,0.0,0.6428571428571428,1,False
6117666160,2016-04-23,11,-0.9794901015613976,,-0.9794901015613976,-0.1018091367934162,0.0,0.6428571428571428,1,False
6117666160,2016-04-24,12,0.5366206278838969,,0.5366206278838969,0.0274623752691543,0.0769230769230769,0.6428571428571428,0,False
6117666160,2016-04-25,13,,,,,0.0714285714285714,0.6428571428571428,0,False
6117666160,2016-04-26,14,,,,,0.0714285714285714,0.6428571428571428,0,False
6117666160,2016-04-27,15,,,,,0.0714285714285714,0.6428571428571428,0,False
6117666160,2016-04-28,16,,,,,0.0714285714285714,0.6428571428571428,0,False
6117666160,2016-04-29,17,,,,,0.0714285714285714,0.6428571428571428,0,False
6117666160,2016-04-30,18,,,,,0.0714285714285714,0.6428571428571428,0,False
6117666160,2016-05-01,19,,,,,0.0714285714285714,0.6428571428571428,0,False
6117666160,2016-05-02,20,,,,,0.0714285714285714,0.6428571428571428,0,False
6117666160,2016-05-03,21,,,,,0.0714285714285714,0.6428571428571428,0,False
6117666160,2016-05-04,22,,,,,0.0714285714285714,0.6428571428571428,0,False
6117666160,2016-05-05,23,,,,,0.0714285714285714,0.6428571428571428,0,False
6117666160,2016-05-06,24,,,,,0.0714285714285714,0.6428571428571428,0,False
6117666160,2016-05-07,25,,,,,0.0714285714285714,0.6428571428571428,0,False
6117666160,2016-05-08,26,,,,,0.0,0.6428571428571428,0,False
6117666160,2016-05-09,27,,,,,0.0,0.6428571428571428,0,False
6290855005,2016-04-12,0,0.095145142711999,,0.095145142711999,0.0,,1.0,0,False
6290855005,2016-04-13,1,-1.7105581649925616,,-1.7105581649925616,-0.22571291346307,,1.0,0,True
6290855005,2016-04-14,2,-1.128822499072916,,-1.128822499072916,-0.1359964046427683,,1.0,0,True
6290855005,2016-04-15,3,-1.2767344458915255,-0.4572931962011748,-1.2767344458915255,-0.13425544069784,,1.0,0,True
6290855005,2016-04-16,4,-0.8343808783165951,-0.2323815052571485,-0.8343808783165951,-0.0860596096796984,0.4,1.0,0,True
6290855005,2016-04-17,5,-0.5731925437646589,-0.1336675372953315,-0.5731925437646589,-0.0543710663748471,0.5,1.0,0,True
6290855005,2016-04-18,6,-0.3052984360278604,-0.0667405964566432,-0.3052984360278604,-0.0281734958568175,0.5714285714285714,1.0,0,True
6290855005,2016-04-19,7,-0.0600980995128916,-0.0221776060321272,-0.0600980995128916,0.0100670958911684,0.625,1.0,0,True
6290855005,2016-04-20,8,0.1578723361046429,0.2669186430138863,0.1578723361046429,0.0314448333484542,0.6666666666666666,1.0,0,False
6290855005,2016-04-21,9,1.218023144378086,0.3352636633501431,1.218023144378086,0.1033955112447385,0.7,1.0,0,False
6290855005,2016-04-22,10,0.4387668077719111,0.2450716076662052,0.4387668077719111,0.0700353675979334,0.6363636363636364,1.0,0,True
6290855005,2016-04-23,11,1.193898983181403,0.2897542659282854,1.193898983181403,0.0999492025023553,0.6666666666666666,1.0,0,False
6290855005,2016-04-24,12,0.3584331322728941,0.1330893822910789,0.3584331322728941,0.054284830544122,0.6153846153846154,1.0,0,False
6290855005,2016-04-25,13,-0.2112732601579245,0.0134321679814193,-0.2112732601579245,-0.0032807109514981,0.5714285714285714,1.0,0,False
6290855005,2016-04-26,14,0.5778252093027445,0.0911319012593765,0.5778252093027445,0.0119386633768326,0.6428571428571429,1.0,0,False
6290855005,2016-04-27,15,-0.2555191151904624,-0.0590559216135864,-0.2555191151904624,-0.0375594536647226,0.6428571428571429,1.0,0,False
6290855005,2016-04-28,16,-0.0883340851021187,-0.1866224613543149,-0.0883340851021187,-0.0116012188218214,0.6428571428571429,1.0,0,False
6290855005,2016-04-29,17,0.5503984657482203,0.0159473797109012,0.5503984657482203,0.0080205571547577,0.7142857142857143,1.0,0,False
6290855005,2016-04-30,18,0.0645470452376932,-0.1613359911348157,0.0645470452376932,0.0228993624414568,0.6428571428571429,1.0,0,True
6290855005,2016-05-01,19,-0.673153619316172,-0.1473695359412951,-0.673153619316172,-0.0438302983120147,0.5714285714285714,1.0,0,True
6290855005,2016-05-02,20,-0.7529405096566062,-0.0773810356426688,-0.7529405096566062,-0.0934221499521843,0.5,1.0,0,True
6290855005,2016-05-03,21,-0.3274760420599876,-0.129328750194676,-0.3274760420599876,-0.0418150044418087,0.5,1.0,0,True
6290855005,2016-05-04,22,-0.2879106679849205,-0.0046273646849226,-0.2879106679849205,-0.0388498666389785,0.5,1.0,0,False
6290855005,2016-05-05,23,-0.3534592727958527,-0.0378750268133906,-0.3534592727958527,-0.0418774941742182,0.4285714285714285,1.0,0,False
6290855005,2016-05-06,24,0.1741665338304169,-0.0537474188454005,0.1741665338304169,0.0307105789926427,0.5,1.0,0,False
6290855005,2016-05-07,25,0.3188240153851402,0.0363252814496352,0.3188240153851402,0.0438021779324305,0.5,1.0,0,False
6290855005,2016-05-08,26,-0.2233244050530942,0.0642613163232968,-0.2233244050530942,-0.0062021059416416,0.5,1.0,0,False
6290855005,2016-05-09,27,-0.1338266102962257,0.0884448427657686,-0.1338266102962257,-0.011276272213292,0.5714285714285714,1.0,0,False
6290855005,2016-05-10,28,0.8448532093483474,0.1674756073440478,0.8448532093483474,0.0500855205262045,0.5714285714285714,1.0,0,False
6775888955,2016-04-12,0,,,,0.0,,0.6,0,False
6775888955,2016-04-13,1,,,,,,0.6,0,False
6775888955,2016-04-14,2,,,,,,0.6,0,False
6775888955,2016-04-15,3,,,,,,0.6,0,False
6775888955,2016-04-16,4,,,,,0.0,0.6,0,False
6775888955,2016-04-17,5,,,,,0.0,0.6,0,False
6775888955,2016-04-18,6,,,,,0.0,0.6,0,False
6775888955,2016-04-19,7,,,,,0.0,0.6,0,False
6775888955,2016-04-20,8,,,,,0.0,0.6,0,False
6775888955,2016-04-21,9,,,,,0.0,0.6,0,False
6775888955,2016-04-22,10,,,,,0.0,0.6,0,False
6775888955,2016-04-23,11,,,,,0.0,0.6,0,False
6775888955,2016-04-24,12,,,,,0.0,0.6,0,False
6775888955,2016-04-25,13,,,,,0.0,0.6,0,False
6775888955,2016-04-26,14,,,,,0.0,0.6,0,False
6775888955,2016-04-27,15,,,,,0.0,0.6,0,False
6775888955,2016-04-28,16,,,,,0.0,0.6,0,False
6775888955,2016-04-29,17,,,,,0.0,0.6,0,False
6775888955,2016-04-30,18,,,,,0.0,0.6,0,False
6775888955,2016-05-01,19,,,,,0.0,0.6,0,False
6775888955,2016-05-02,20,,,,,0.0,0.6,0,False
6775888955,2016-05-03,21,,,,,0.0,0.6,0,False
6775888955,2016-05-04,22,,,,,0.0,0.6,0,False
6775888955,2016-05-05,23,,,,,0.0,0.6,0,False
6775888955,2016-05-06,24,,,,,0.0,0.6,0,False
6775888955,2016-05-07,25,,,,,0.0,0.6,0,False
6962181067,2016-04-12,0,0.302361110946417,,0.302361110946417,0.0,,0.9935483870967742,0,False
6962181067,2016-04-13,1,-5.83845365915999,,-5.83845365915999,-0.767601846263301,,0.9935483870967742,0,True
6962181067,2016-04-14,2,0.214579315351822,,0.214579315351822,-0.0097535328438438,,0.9935483870967742,0,False
6962181067,2016-04-15,3,1.6879259030844789,0.4618549307126872,1.6879259030844789,0.158219005064187,,0.9935483870967742,0,False
6962181067,2016-04-16,4,0.6613142412172998,0.0897382825677206,0.6613142412172998,0.0734808276455757,0.4,0.9935483870967742,0,False
6962181067,2016-04-17,5,0.2480373340724513,-0.0108647553747932,0.2480373340724513,0.0266069641007438,0.3333333333333333,0.9935483870967742,0,False
6962181067,2016-04-18,6,-0.133839368329434,-0.0727000798793085,-0.133839368329434,-0.0079683345718317,0.2857142857142857,0.9935483870967742,0,True
6962181067,2016-04-19,7,-0.2623061275871933,-0.0806667483619443,-0.2623061275871933,-0.0128904204540721,0.25,0.9935483870967742,0,True
6962181067,2016-04-20,8,-0.8933763447013792,0.7064396163512301,-0.8933763447013792,-0.1073190356733249,0.2222222222222222,0.9935483870967742,1,True
6962181067,2016-04-21,9,-0.8857492025214988,-0.1571897882676172,-0.8857492025214988,-0.1063361441962997,0.3,0.9935483870967742,0,True
6962181067,2016-04-22,10,-0.1700692721853954,-0.2654278821814106,-0.1700692721853954,-0.0290103017416689,0.3636363636363636,0.9935483870967742,0,True
6962181067,2016-04-23,11,-1.6792618499064589,-0.3343680130176798,-1.6792618499064589,-0.1014356445284494,0.3333333333333333,0.9935483870967742,0,True
6962181067,2016-04-24,12,-0.2082699680797394,-0.0651867574503129,-0.2082699680797394,-0.036933861180862,0.3846153846153846,0.9935483870967742,0,True
6962181067,2016-04-25,13,-0.0279728830272972,0.0151237836145909,-0.0279728830272972,-0.0002182638891212,0.4285714285714285,0.9935483870967742,0,False
6962181067,2016-04-26,14,0.1465645545731861,0.0584100974514827,0.1465645545731861,0.0227201935418731,0.5,0.9935483870967742,0,True
6962181067,2016-04-27,15,0.21170780264348,0.1578691639064084,0.21170780264348,0.0390024491698791,0.5714285714285714,0.9935483870967742,0,False
6962181067,2016-04-28,16,0.1551642011374757,0.1487019148084249,0.1551642011374757,0.043256045230829,0.5,0.9935483870967742,0,False
6962181067,2016-04-29,17,0.6168944817450212,0.1124233934186309,0.6168944817450212,0.0883197102609292,0.5,0.9935483870967742,0,False
6962181067,2016-04-30,18,0.0912957377706799,0.2529367982395912,0.0912957377706799,0.0007783226314017,0.5,0.9935483870967742,0,True
6962181067,2016-05-01,19,0.824776001650844,0.1475779956757976,0.824776001650844,0.0573526025095644,0.5714285714285714,0.9935483870967742,0,False
6962181067,2016-05-02,20,-0.1619446955451153,-0.0191388303596883,-0.1619446955451153,0.0153940032676073,0.5714285714285714,0.9935483870967742,0,False
6962181067,2016-05-03,21,0.2122483362150331,0.0093833973774067,0.2122483362150331,0.0204321449299473,0.6428571428571429,0.9935483870967742,0,False
6962181067,2016-05-04,22,0.0600261050034276,-0.0216688139485789,0.0600261050034276,0.0083376752499959,0.6428571428571429,0.9935483870967742,0,False
6962181067,2016-05-05,23,-0.3435387082848425,-0.0712432727746168,-0.3435387082848425,-0.0316130677384365,0.5714285714285714,0.9935483870967742,0,False
6962181067,2016-05-06,24,0.197079155112345,-0.0599736180903823,0.197079155112345,-0.0099193859682266,0.5714285714285714,0.9935483870967742,0,False
6962181067,2016-05-07,25,1.2834814511463986,0.1703122447679598,1.2834814511463986,0.0706425631833249,0.6428571428571429,0.9935483870967742,0,False
6962181067,2016-05-08,26,0.5996834596654914,-0.0321560774264789,0.5996834596654914,0.0880108446368059,0.5714285714285714,0.9935483870967742,0,False
6962181067,2016-05-09,27,-0.4028502680887292,-0.0344150817919448,-0.4028502680887292,-0.011042850785606,0.5,0.9935483870967742,0,False
6962181067,2016-05-10,28,-0.9480784063567298,-0.1657609632245375,-0.9480784063567298,-0.0722190983767355,0.4285714285714285,0.9935483870967742,0,False
6962181067,2016-05-11,29,-0.2284229950366737,-0.041207014291443,-0.2284229950366737,-0.058187352110904,0.4285714285714285,0.9935483870967742,0,False
6962181067,2016-05-12,30,-0.398454666905675,-0.0078451369458332,-0.398454666905675,-0.0743112431543099,0.4285714285714285,0.9935483870967742,0,False
7007744171,2016-04-12,0,,,,0.0,,0.6,0,False
7007744171,2016-04-13,1,,,,,,0.6,0,False
7007744171,2016-04-14,2,,,,,,0.6,0,False
7007744171,2016-04-15,3,,,,,,0.6,0,False
7007744171,2016-04-16,4,,,,,0.0,0.6,0,False
7007744171,2016-04-17,5,,,,,0.0,0.6,0,False
7007744171,2016-04-18,6,,,,,0.0,0.6,0,False
7007744171,2016-04-19,7,,,,,0.0,0.6,0,False
7007744171,2016-04-20,8,,,,,0.0,0.6,0,False
7007744171,2016-04-21,9,,,,,0.0,0.6,0,False
7007744171,2016-04-22,10,,,,,0.0,0.6,0,False
7007744171,2016-04-23,11,,,,,0.0,0.6,0,False
7007744171,2016-04-24,12,,,,,0.0,0.6,0,False
7007744171,2016-04-25,13,,,,,0.0,0.6,0,False
7007744171,2016-04-26,14,,,,,0.0,0.6,0,False
7007744171,2016-04-27,15,,,,,0.0,0.6,0,False
7007744171,2016-04-28,16,,,,,0.0,0.6,0,False
7007744171,2016-04-29,17,,,,,0.0,0.6,0,False
7007744171,2016-04-30,18,,,,,0.0,0.6,0,False
7007744171,2016-05-01,19,,,,,0.0,0.6,0,False
7007744171,2016-05-02,20,,,,,0.0,0.6,0,False
7007744171,2016-05-03,21,,,,,0.0,0.6,0,False
7007744171,2016-05-04,22,,,,,0.0,0.6,0,False
7007744171,2016-05-05,23,,,,,0.0,0.6,0,False
7007744171,2016-05-06,24,,,,,0.0,0.6,0,False
7007744171,2016-05-07,25,,,,,0.0,0.6,0,False
7086361926,2016-04-12,0,-0.345543499832417,,-0.345543499832417,0.0,,0.6451612903225806,0,False
7086361926,2016-04-13,1,4.325405772136623,,4.325405772136623,0.58386865899613,,0.6451612903225806,0,False
7086361926,2016-04-14,2,0.975751394670122,,0.975751394670122,0.1468105438336154,,0.6451612903225806,0,False
7086361926,2016-04-15,3,1.5313195770441943,0.6256210256255373,1.5313195770441943,0.1722690857839011,,0.6451612903225806,0,False
7086361926,2016-04-16,4,,0.6256210256255373,,,0.4,0.6451612903225806,0,False
7086361926,2016-04-17,5,,0.6256210256255373,,,0.3333333333333333,0.6451612903225806,0,False
7086361926,2016-04-18,6,,0.6256210256255373,,,0.2857142857142857,0.6451612903225806,0,False
7086361926,2016-04-19,7,,0.6256210256255373,,,0.25,0.6451612903225806,0,False
7086361926,2016-04-20,8,,,,,0.2222222222222222,0.6451612903225806,0,False
7086361926,2016-04-21,9,,,,,0.2,0.6451612903225806,0,False
7086361926,2016-04-22,10,,,,,0.1818181818181818,0.6451612903225806,0,False
7086361926,2016-04-23,11,,,,,0.1666666666666666,0.6451612903225806,0,False
7086361926,2016-04-24,12,,,,,0.1538461538461538,0.6451612903225806,0,False
7086361926,2016-04-25,13,,,,,0.1428571428571428,0.6451612903225806,0,False
7086361926,2016-04-26,14,,,,,0.1428571428571428,0.6451612903225806,0,False
7086361926,2016-04-27,15,,,,,0.0714285714285714,0.6451612903225806,0,False
7086361926,2016-04-28,16,,,,,0.0714285714285714,0.6451612903225806,0,False
7086361926,2016-04-29,17,,,,,0.0,0.6451612903225806,0,False
7086361926,2016-04-30,18,,,,,0.0,0.6451612903225806,0,False
7086361926,2016-05-01,19,,,,,0.0,0.6451612903225806,0,False
7086361926,2016-05-02,20,,,,,0.0,0.6451612903225806,0,False
7086361926,2016-05-03,21,,,,,0.0,0.6451612903225806,0,False
7086361926,2016-05-04,22,,,,,0.0,0.6451612903225806,0,False
7086361926,2016-05-05,23,,,,,0.0,0.6451612903225806,0,False
7086361926,2016-05-06,24,,,,,0.0,0.6451612903225806,0,False
7086361926,2016-05-07,25,,,,,0.0,0.6451612903225806,0,False
7086361926,2016-05-08,26,,,,,0.0,0.6451612903225806,0,False
7086361926,2016-05-09,27,,,,,0.0,0.6451612903225806,0,False
7086361926,2016-05-10,28,,,,,0.0,0.6451612903225806,0,False
7086361926,2016-05-11,29,,,,,0.0,0.6451612903225806,0,False
7086361926,2016-05-12,30,,,,,0.0,0.6451612903225806,0,False
8053475328,2016-04-12,0,,,,0.0,,0.6,0,False
8053475328,2016-04-13,1,,,,,,0.6,0,False
8053475328,2016-04-14,2,,,,,,0.6,0,False
8053475328,2016-04-15,3,,,,,,0.6,0,False
8053475328,2016-04-16,4,,,,,0.0,0.6,0,False
8053475328,2016-04-17,5,,,,,0.0,0.6,0,False
8053475328,2016-04-18,6,,,,,0.0,0.6,0,False
8053475328,2016-04-19,7,,,,,0.0,0.6,0,False
8053475328,2016-04-20,8,,,,,0.0,0.6,0,False
8053475328,2016-04-21,9,,,,,0.0,0.6,0,False
8053475328,2016-04-22,10,,,,,0.0,0.6,0,False
8053475328,2016-04-23,11,,,,,0.0,0.6,0,False
8053475328,2016-04-24,12,,,,,0.0,0.6,0,False
8053475328,2016-04-25,13,,,,,0.0,0.6,0,False
8053475328,2016-04-26,14,,,,,0.0,0.6,0,False
8053475328,2016-04-27,15,,,,,0.0,0.6,0,False
8053475328,2016-04-28,16,,,,,0.0,0.6,0,False
8053475328,2016-04-29,17,,,,,0.0,0.6,0,False
8053475328,2016-04-30,18,,,,,0.0,0.6,0,False
8053475328,2016-05-01,19,,,,,0.0,0.6,0,False
8053475328,2016-05-02,20,,,,,0.0,0.6,0,False
8053475328,2016-05-03,21,,,,,0.0,0.6,0,False
8053475328,2016-05-04,22,,,,,0.0,0.6,0,False
8053475328,2016-05-05,23,,,,,0.0,0.6,0,False
8053475328,2016-05-06,24,,,,,0.0,0.6,0,False
8053475328,2016-05-07,25,,,,,0.0,0.6,0,False
8053475328,2016-05-08,26,,,,,0.0,0.6,0,False
8053475328,2016-05-09,27,,,,,0.0,0.6,0,False
8053475328,2016-05-10,28,,,,,0.0,0.6,0,False
8053475328,2016-05-11,29,,,,,0.0,0.6,0,False
8053475328,2016-05-12,30,,,,,0.0,0.6,0,False
8253242879,2016-04-12,0,-0.203006852052364,,-0.203006852052364,0.0,,1.0,0,True
8253242879,2016-04-13,1,0.4209336563807673,,0.4209336563807673,0.0779925635541414,,1.0,0,False
8253242879,2016-04-14,2,1.1575256686005184,,1.1575256686005184,0.1511702800725425,,1.0,0,False
8253242879,2016-04-15,3,1.5233665006434087,0.5754577842319243,1.5233665006434087,0.1743054211186536,,1.0,0,False
8253242879,2016-04-16,4,0.054169647054991,0.0642941247768387,0.054169647054991,0.0392748266469069,0.6,1.0,0,False
8253242879,2016-04-17,5,-0.4060581037381153,-0.0406102503371502,-0.4060581037381153,-0.0156940138090578,0.5,1.0,0,False
8253242879,2016-04-18,6,0.1720339191199742,0.0625067951953897,0.1720339191199742,0.0094421026285298,0.5714285714285714,1.0,0,False
8253242879,2016-04-19,7,0.263376740364123,0.0666262274880695,0.263376740364123,0.011815418611318,0.625,1.0,0,True
8253242879,2016-04-20,8,-0.0518564680419526,-0.0675414463461028,-0.0518564680419526,-0.007591768850332,0.5555555555555556,1.0,0,False
8253242879,2016-04-21,9,-0.6637200667614708,-0.2601779621945698,-0.6637200667614708,-0.0404060598937928,0.5,1.0,0,True
8253242879,2016-04-22,10,0.6065440200023453,-0.1309746400915804,0.6065440200023453,0.0450588961378937,0.5454545454545454,1.0,0,False
8253242879,2016-04-23,11,-0.2155811633192562,-0.0385358300534638,-0.2155811633192562,0.0010345952308202,0.5,1.0,0,True
8253242879,2016-04-24,12,-0.5461741316905862,-0.0200165754217815,-0.5461741316905862,-0.0504791519213393,0.4615384615384615,1.0,0,False
8253242879,2016-04-25,13,-0.2413465637791064,-0.0590543546998686,-0.2413465637791064,-0.030534770782148,0.5,1.0,0,False
8253242879,2016-04-26,14,0.3221099157753029,0.0083904536301685,0.3221099157753029,0.0241850846677182,0.5714285714285714,1.0,0,False
8253242879,2016-04-27,15,-0.2569450764899348,-0.029298372635426,-0.2569450764899348,0.005926184220495,0.5,1.0,0,False
8253242879,2016-04-28,16,0.354500704924829,0.1454601102408999,0.354500704924829,0.0078475753634469,0.5,1.0,0,False
8253242879,2016-04-29,17,0.3765455417661527,-0.0328569254623132,0.3765455417661527,0.0512664675228151,0.5,1.0,0,False
8253242879,2016-04-30,18,1.1067310219796709,0.1889017407569895,1.1067310219796709,0.0844076224441449,0.5714285714285714,1.0,0,False
8378563200,2016-04-12,0,0.4225910445766289,,0.4225910445766289,0.0,,0.9070132185402738,0,False
8378563200,2016-04-13,1,-4.866882154622575,,-4.866882154622575,-0.6611841498999004,,0.9070132185402738,0,True
8378563200,2016-04-14,2,-2.4806418208877243,,-2.4806418208877243,-0.3225814294960392,,0.9070132185402738,0,True
8378563200,2016-04-15,3,-2.697363577647136,-1.0399848740745885,-2.697363577647136,-0.3014142766375314,,0.9070132185402738,0,True
8378563200,2016-04-16,4,-2.5193491071737784,-0.7354850379376019,-2.5193491071737784,-0.2596979516400816,0.4,0.9070132185402738,0,True
8378563200,2016-04-17,5,-0.4543894373435733,-0.1753960963840405,-0.4543894373435733,-0.0876915036782826,0.5,0.9070132185402738,0,True
8378563200,2016-04-18,6,-0.5126868375831747,-0.1558796470266339,-0.5126868375831747,-0.0507885079653431,0.4285714285714285,0.9070132185402738,0,True
8378563200,2016-04-19,7,0.2489893735043482,-0.0248002387246115,0.2489893735043482,0.0477647190051231,0.5,0.9070132185402738,0,False
8378563200,2016-04-20,8,0.8500513706882722,0.8167047893301209,0.8500513706882722,0.0972727690302939,0.5555555555555556,0.9070132185402738,0,False
8378563200,2016-04-21,9,0.381718079112982,0.4089085571429581,0.381718079112982,0.0898763526386758,0.5,0.9070132185402738,0,False
8378563200,2016-04-22,10,0.0419111232853418,0.3913249572760682,0.0419111232853418,0.0355652657288433,0.4545454545454545,0.9070132185402738,0,False
8378563200,2016-04-23,11,-0.5348787880787871,0.283495759870713,-0.5348787880787871,-0.0478530463113753,0.4166666666666667,0.9070132185402738,0,True
8378563200,2016-04-24,12,0.4549429881693916,0.1299046322161378,0.4549429881693916,0.0251235811623964,0.4615384615384615,0.9070132185402738,0,True
8378563200,2016-04-25,13,0.0499584783650241,0.0803779022783141,0.0499584783650241,0.013741779678796,0.4285714285714285,0.9070132185402738,0,True
8378563200,2016-04-25,13,0.0499584783650241,0.0803779022783141,0.0143561646642744,0.0086557348644032,0.4285714285714285,0.9070132185402738,0,True
8378563200,2016-04-25,14,0.0143561646642744,-0.0335190298342962,0.0499584783650241,0.013741779678796,0.4285714285714285,0.9070132185402738,0,True
8378563200,2016-04-25,14,0.0143561646642744,-0.0335190298342962,0.0143561646642744,0.0086557348644032,0.4285714285714285,0.9070132185402738,0,True
8378563200,2016-04-26,15,-1.1310875291980178,-0.2830198428408986,-1.1310875291980178,-0.0444023759213911,0.4285714285714285,0.9070132185402738,0,True
8378563200,2016-04-27,16,-0.5750032023912601,-0.1366744687863203,-0.5750032023912601,-0.0544879829355408,0.4285714285714285,0.9070132185402738,0,True
8378563200,2016-04-28,17,-0.2584111635246637,-0.0429031838300007,-0.2584111635246637,-0.0386709898160903,0.5,0.9070132185402738,0,True
8378563200,2016-04-29,18,-0.4005563621794186,0.019188917985624,-0.4005563621794186,-0.0422289122437346,0.4285714285714285,0.9070132185402738,0,True
8378563200,2016-04-30,19,0.7289121916096593,0.0391384576343239,0.7289121916096593,0.0620521465663554,0.4285714285714285,0.9070132185402738,0,False
8378563200,2016-05-01,20,0.1438663511553238,0.0134154103986142,0.1438663511553238,0.0589504176281983,0.4285714285714285,0.9070132185402738,0,False
8378563200,2016-05-02,21,1.487393266011685,0.2104338716210586,1.487393266011685,0.143976640631386,0.4285714285714285,0.9070132185402738,0,False
8378563200,2016-05-03,22,0.5715162486274519,0.2432291111179242,0.5715162486274519,0.0625718397642657,0.3571428571428571,0.9070132185402738,0,True
8378563200,2016-05-04,23,0.2766406472242667,0.1216634070879324,0.2766406472242667,0.0296940603174988,0.3571428571428571,0.9070132185402738,0,False
8378563200,2016-05-05,24,0.4540355680338301,0.1017781045083562,0.4540355680338301,0.0332191570357996,0.4285714285714285,0.9070132185402738,0,False
8378563200,2016-05-06,25,0.812040448368532,0.1732281157925643,0.812040448368532,0.0433118647679687,0.5,0.9070132185402738,0,False
8378563200,2016-05-07,26,0.6355029944722008,-0.0133441710196369,0.6355029944722008,0.0583562862336729,0.4285714285714285,0.9070132185402738,0,False
8378563200,2016-05-08,27,-0.1292047727410643,-0.0390101605566268,-0.1292047727410643,-0.0244738418753136,0.4285714285714285,0.9070132185402738,0,False
8378563200,2016-05-09,28,0.4224947939787276,-0.1521283531475653,0.4224947939787276,0.0167165629372525,0.5,0.9070132185402738,0,False
8378563200,2016-05-10,29,0.7068013832972521,0.0193264478099714,0.7068013832972521,0.0329646320316176,0.5714285714285714,0.9070132185402738,0,False
8378563200,2016-05-11,30,0.2350688727898608,-0.0059388249192008,0.2350688727898608,0.0010929633217899,0.5,0.9070132185402738,0,False
8378563200,2016-05-12,31,-0.0985037673929944,-0.0789341907752606,-0.0985037673929944,-0.0283128238993011,0.4285714285714285,0.9070132185402738,0,False
8583815059,2016-04-12,0,0.1605445313730875,,0.1605445313730875,0.0,,1.0,0,False
8583815059,2016-04-13,1,-0.1669359675305275,,-0.1669359675305275,-0.0409350623629519,,1.0,0,True
8583815059,2016-04-14,2,0.7819564161306097,,0.7819564161306097,0.069045764973058,,1.0,0,False
8583815059,2016-04-15,3,0.6467384246735268,0.1620646311001464,0.6467384246735268,0.0528260732971092,,1.0,0,False
8583815059,2016-04-16,4,0.2168908730493447,0.0140865854190643,0.2168908730493447,0.0112516302473392,0.2,1.0,0,False
8583815059,2016-04-17,5,0.462170533078702,0.0603252003411229,0.462170533078702,0.0220287119389447,0.3333333333333333,1.0,0,False
8583815059,2016-04-18,6,0.362500637968046,0.0336593510991597,0.362500637968046,0.0167771812403173,0.2857142857142857,1.0,0,False
8583815059,2016-04-19,7,0.0843700392021725,-0.0108820703101307,0.0843700392021725,-0.0037113476648636,0.25,1.0,0,False
8583815059,2016-04-20,8,-0.0329048724058713,0.0191472993035223,-0.0329048724058713,-0.0249164238914787,0.2222222222222222,1.0,0,False
8583815059,2016-04-21,9,-0.427704073507806,-0.1728086413769165,-0.427704073507806,-0.0470375258147256,0.2,1.0,0,True
8583815059,2016-04-22,10,-0.5241256207612943,-0.1672662922049744,-0.5241256207612943,-0.0592477021491993,0.1818181818181818,1.0,1,False
8583815059,2016-04-23,11,-0.7464941395130028,-0.1376264303660496,-0.7464941395130028,-0.0832874710759931,0.1666666666666666,1.0,1,True
8583815059,2016-04-24,12,-0.5232988353904087,-0.14078133835273,-0.5232988353904087,-0.0633396335562166,0.2307692307692307,1.0,1,True
8583815059,2016-04-25,13,0.1369352157822468,-0.0322236317408284,0.1369352157822468,-0.0087376777767547,0.2857142857142857,1.0,0,True
8583815059,2016-04-26,14,-0.3749735398535547,-0.0656205112936753,-0.3749735398535547,-0.018916324342767,0.2857142857142857,1.0,0,True
8583815059,2016-04-27,15,-0.5808430972040377,-0.0782768892568809,-0.5808430972040377,-0.0275910089484066,0.2857142857142857,1.0,0,True
8583815059,2016-04-28,16,0.0610363187349603,0.0698200560346809,0.0610363187349603,-0.0020367791993877,0.2857142857142857,1.0,0,False
8583815059,2016-04-29,17,-0.9711960303114328,-0.0638672013643055,-0.9711960303114328,-0.0550717798473619,0.2857142857142857,1.0,1,True
8583815059,2016-04-30,18,-0.623725698440631,0.0175383487246245,-0.623725698440631,-0.0587988758050044,0.3571428571428571,1.0,0,True
8583815059,2016-05-01,19,0.1626574273209059,0.097993751815902,0.1626574273209059,-0.0049685863717022,0.3571428571428571,1.0,0,False
8583815059,2016-05-02,20,0.2392361256731428,0.0146144156986994,0.2392361256731428,0.047515224029015,0.4285714285714285,1.0,0,False
8583815059,2016-05-03,21,-0.2172228910886063,0.0225358069664212,-0.2172228910886063,0.0195357571920653,0.4285714285714285,1.0,0,False
8583815059,2016-05-04,22,0.5534329396178648,0.1620394338317003,0.5534329396178648,0.0411555384618547,0.5,1.0,0,False
8583815059,2016-05-05,23,-0.1322844739863053,-0.0276172561030379,-0.1322844739863053,0.035995347861344,0.5,1.0,0,True
8583815059,2016-05-06,24,0.1322684716888043,0.1576377860000339,0.1322684716888043,0.0046641193779793,0.5714285714285714,1.0,0,False
8583815059,2016-05-07,25,0.0799421442158748,0.1005239775223579,0.0799421442158748,6.561788657821556e-05,0.5714285714285714,1.0,0,False
8583815059,2016-05-08,26,-0.0142746420485853,-0.0252760099099273,-0.0142746420485853,0.0191525487344485,0.5,1.0,0,False
8583815059,2016-05-09,27,-0.1699123948657153,-0.0584497886484082,-0.1699123948657153,0.0038478328689463,0.4285714285714285,1.0,0,False
8583815059,2016-05-10,28,-0.3012426577788124,-0.0120028238128865,-0.3012426577788124,-0.0321002701140614,0.4285714285714285,1.0,0,False
8583815059,2016-05-11,29,-0.0622098205517009,-0.0879489657385093,-0.0622098205517009,0.0068872533752491,0.5,1.0,0,False
8583815059,2016-05-12,30,0.7740927686030767,0.1294824632270545,0.7740927686030767,0.0350084548472077,0.5,1.0,0,False
8792009665,2016-04-12,0,-0.1615892824609756,,-0.1615892824609756,0.0,,0.6827586206896552,0,False
8792009665,2016-04-13,1,-1.3229148936453186,,-1.3229148936453186,-0.1451657013980428,,0.6827586206896552,0,False
8792009665,2016-04-14,2,0.007351972867062,,0.007351972867062,0.0187712505920041,,0.6827586206896552,0,False
8792009665,2016-04-15,3,1.1180007628464017,0.4265300151024591,1.1180007628464017,0.1297251076936833,,0.6827586206896552,0,False
8792009665,2016-04-16,4,,0.4265300151024591,,,0.4,0.6827586206896552,0,False
8792009665,2016-04-17,5,,0.4265300151024591,,,0.3333333333333333,0.6827586206896552,0,False
8792009665,2016-04-18,6,,0.4265300151024591,,,0.2857142857142857,0.6827586206896552,0,False
8792009665,2016-04-19,7,,0.4265300151024591,,,0.25,0.6827586206896552,0,False
8792009665,2016-04-20,8,,,,,0.2222222222222222,0.6827586206896552,0,False
8792009665,2016-04-21,9,,,,,0.2,0.6827586206896552,0,False
8792009665,2016-04-22,10,,,,,0.1818181818181818,0.6827586206896552,0,False
8792009665,2016-04-23,11,,,,,0.1666666666666666,0.6827586206896552,0,False
8792009665,2016-04-24,12,,,,,0.1538461538461538,0.6827586206896552,0,False
8792009665,2016-04-25,13,,,,,0.1428571428571428,0.6827586206896552,0,False
8792009665,2016-04-26,14,,,,,0.1428571428571428,0.6827586206896552,0,False
8792009665,2016-04-27,15,,,,,0.1428571428571428,0.6827586206896552,0,False
8792009665,2016-04-28,16,,,,,0.0714285714285714,0.6827586206896552,0,False
8792009665,2016-04-29,17,,,,,0.0,0.6827586206896552,0,False
8792009665,2016-04-30,18,,,,,0.0,0.6827586206896552,0,False
8792009665,2016-05-01,19,,,,,0.0,0.6827586206896552,0,False
8792009665,2016-05-02,20,,,,,0.0,0.6827586206896552,0,False
8792009665,2016-05-03,21,-0.39923513049156,,-0.39923513049156,-0.0044999202587076,0.0,0.6827586206896552,0,False
8792009665,2016-05-04,22,0.315671423441733,,0.315671423441733,0.0535019434832373,0.0714285714285714,0.6827586206896552,0,False
8792009665,2016-05-05,23,,,,,0.0714285714285714,0.6827586206896552,0,False
8792009665,2016-05-06,24,,,,,0.0714285714285714,0.6827586206896552,0,False
8792009665,2016-05-07,25,,,,,0.0714285714285714,0.6827586206896552,0,False
8792009665,2016-05-08,26,,,,,0.0714285714285714,0.6827586206896552,0,False
8792009665,2016-05-09,27,,,,,0.0714285714285714,0.6827586206896552,0,False
8792009665,2016-05-10,28,,,,,0.0714285714285714,0.6827586206896552,0,False
8877689391,2016-04-12,0,-0.3068880303003983,,-0.3068880303003983,0.0,,0.9935483870967742,0,True
8877689391,2016-04-13,1,2.3897534736260257,,2.3897534736260257,0.3370801879908029,,0.9935483870967742,0,False
8877689391,2016-04-14,2,0.0906381208190904,,0.0906381208190904,0.0441695723466098,,0.9935483870967742,0,False
8877689391,2016-04-15,3,0.8188885078561706,0.3752588460521897,0.8188885078561706,0.1009222119732943,,0.9935483870967742,0,False
8877689391,2016-04-16,4,-0.8821661113592341,-0.1438195202647089,-0.8821661113592341,-0.0445131373235402,0.4,0.9935483870967742,0,True
8877689391,2016-04-17,5,0.0918191254272886,0.0797414311455374,0.0918191254272886,0.0074602680704879,0.5,0.9935483870967742,0,False
8877689391,2016-04-18,6,0.4938545668689885,0.1334570995282311,0.4938545668689885,0.042224749173629,0.5714285714285714,0.9935483870967742,0,False
8877689391,2016-04-19,7,-0.0387355658062495,0.0383074949277355,-0.0387355658062495,0.0113069687943332,0.5,0.9935483870967742,0,True
8877689391,2016-04-20,8,-0.0527358386161618,-0.3489270446060267,-0.0527358386161618,0.0164420381816674,0.4444444444444444,0.9935483870967742,0,False
8877689391,2016-04-21,9,-0.173112417408138,-0.0376786483181754,-0.173112417408138,-0.004257751678387,0.4,0.9935483870967742,0,True
8877689391,2016-04-22,10,0.0782590452440683,-0.105804208944586,0.0782590452440683,0.0247872928221946,0.4545454545454545,0.9935483870967742,0,True
8877689391,2016-04-23,11,0.1809312913186017,0.1518710575254051,0.1809312913186017,-0.0038467007238453,0.5,0.9935483870967742,0,False
8877689391,2016-04-24,12,-0.0153409381583975,-0.0153085805122408,-0.0153409381583975,0.0016978858458121,0.4615384615384615,0.9935483870967742,0,True
8877689391,2016-04-25,13,0.4760321336907259,-0.0025460618826089,0.4760321336907259,0.0492678312007015,0.5,0.9935483870967742,0,True
8877689391,2016-04-26,14,0.6513039539528567,0.0985770742513009,0.6513039539528567,0.0627420201396892,0.5714285714285714,0.9935483870967742,0,True
8877689391,2016-04-27,15,-0.328360841358546,-0.0393750003917691,-0.328360841358546,-0.0003497000658041,0.5,0.9935483870967742,0,True
8877689391,2016-04-28,16,-0.0491820883860384,0.0177043327174428,-0.0491820883860384,-0.0140815627374895,0.5714285714285714,0.9935483870967742,0,True
8877689391,2016-04-29,17,0.2421502756453808,0.0234130329144732,0.2421502756453808,-0.0041013069121062,0.5714285714285714,0.9935483870967742,0,False
8877689391,2016-04-30,18,-0.830094544543226,-0.1444322622659753,-0.830094544543226,-0.0467739175735195,0.5714285714285714,0.9935483870967742,0,True
8877689391,2016-05-01,19,0.0774752876404459,0.0132594608284062,0.0774752876404459,-0.0202826038166389,0.5714285714285714,0.9935483870967742,0,False
8877689391,2016-05-02,20,0.8210787345841017,0.0492923715561965,0.8210787345841017,0.0482770143475898,0.5714285714285714,0.9935483870967742,0,False
8877689391,2016-05-03,21,0.8409196120018302,0.0270879511498534,0.8409196120018302,0.0880937411382694,0.6428571428571429,0.9935483870967742,0,False
8877689391,2016-05-04,22,0.0243086074604721,0.0503813498312883,0.0243086074604721,0.0166813066477439,0.6428571428571429,0.9935483870967742,0,False
8877689391,2016-05-05,23,0.152350979800207,0.0287904383123208,0.152350979800207,0.0095860763652445,0.7142857142857143,0.9935483870967742,0,True
8877689391,2016-05-06,24,-0.2613978800737123,-0.0719354508170132,-0.2613978800737123,-0.0024525017772841,0.6428571428571429,0.9935483870967742,0,False
8877689391,2016-05-07,25,-0.2843523150948723,0.0779631756354791,-0.2843523150948723,-0.0633708667492492,0.5714285714285714,0.9935483870967742,0,False
8877689391,2016-05-08,26,-0.0304255879267463,-0.0154144107953131,-0.0304255879267463,-0.0371939762971487,0.6428571428571429,0.9935483870967742,0,False
8877689391,2016-05-09,27,-0.3030980791486353,-0.1605966876761052,-0.3030980791486353,-0.0176184414732102,0.5714285714285714,0.9935483870967742,0,False
8877689391,2016-05-10,28,0.4542264940611769,-0.0552418739915218,0.4542264940611769,0.0323303845924782,0.5714285714285714,0.9935483870967742,0,False
8877689391,2016-05-11,29,-0.3169480422811405,-0.0487509499630874,-0.3169480422811405,-0.0122717115197314,0.5714285714285714,0.9935483870967742,0,False
8877689391,2016-05-12,30,0.5869606756171171,0.0620870994024157,0.5869606756171171,0.034917858324985,0.5714285714285714,0.9935483870967742,0,False
