asset_id,date,t_index,state_value,degradation_rate,risk_group,intervention_flag,stabilized
1503960366,2016-04-12,0,-0.0028021405794481,,mid,0,False
1503960366,2016-04-13,1,0.4527900163137072,,mid,0,False
1503960366,2016-04-14,2,,,mid,0,False
1503960366,2016-04-15,3,,,mid,0,False
1503960366,2016-04-16,4,,,mid,0,False
1503960366,2016-04-17,5,,,mid,0,False
1503960366,2016-04-18,6,,,mid,0,False
1503960366,2016-04-19,7,,,mid,0,False
1503960366,2016-04-20,8,,,mid,0,False
1503960366,2016-04-21,9,,,mid,0,False
1503960366,2016-04-22,10,,,mid,0,False
1503960366,2016-04-23,11,,,mid,0,False
1503960366,2016-04-24,12,,,mid,0,False
1503960366,2016-04-25,13,,,mid,0,False
1503960366,2016-04-26,14,,,mid,0,False
1503960366,2016-04-27,15,,,mid,0,False
1503960366,2016-04-28,16,,,mid,0,False
1503960366,2016-04-29,17,,,mid,0,False
1503960366,2016-04-30,18,,,mid,0,False
1503960366,2016-05-01,19,,,mid,0,False
1503960366,2016-05-02,20,,,mid,0,False
1503960366,2016-05-03,21,,,mid,0,False
1503960366,2016-05-04,22,,,mid,0,False
1503960366,2016-05-05,23,,,mid,0,False
1503960366,2016-05-06,24,,,mid,0,False
1503960366,2016-05-07,25,,,mid,0,False
1503960366,2016-05-08,26,,,mid,0,False
1503960366,2016-05-09,27,,,mid,0,False
1503960366,2016-05-10,28,,,mid,0,False
1503960366,2016-05-11,29,0.0748523054993308,,mid,0,False
1503960366,2016-05-12,30,,,mid,0,False
1624580081,2016-04-12,0,-0.0979066592349346,,mid,0,True
1624580081,2016-04-13,1,0.2763821225383872,,mid,0,False
1624580081,2016-04-14,2,-0.2698334266411923,,mid,0,True
1624580081,2016-04-15,3,0.6773138871232769,0.2584068487860705,mid,0,False
1624580081,2016-04-16,4,0.3291217107227315,0.10675709248941655,mid,0,False
1624580081,2016-04-17,5,0.1642573776178843,0.05243280737056379,mid,0,False
1624580081,2016-04-18,6,-0.2113305682876741,-0.018903984842123245,mid,0,True
1624580081,2016-04-19,7,0.1625130170540402,0.037202810898424976,mid,0,False
1624580081,2016-04-20,8,0.0758919568042183,-0.028641452247738414,mid,0,False
1624580081,2016-04-21,9,-0.1303857625408484,0.019921094871477696,mid,0,True
1624580081,2016-04-22,10,0.163079630694268,-0.07346203663271555,mid,0,True
1624580081,2016-04-23,11,-0.0878087947180182,-0.059561500777249955,mid,0,True
1624580081,2016-04-24,12,0.0177634681772791,-0.020927701348657877,mid,0,False
1624580081,2016-04-25,13,-0.183627208520823,0.003957622823835882,mid,0,False
1624580081,2016-04-26,14,0.159558531644281,-0.00042206934425130315,mid,0,False
1624580081,2016-04-27,15,-0.1224835258798146,-0.028339354669147547,mid,0,True
1624580081,2016-04-28,16,0.1956093245037735,0.04657072672066028,mid,0,True
1624580081,2016-04-29,17,0.3705614040248189,0.02964025333293585,mid,0,True
1624580081,2016-04-30,18,0.0421582090092287,0.018566714818178127,mid,0,True
1624580081,2016-05-01,19,-2.1347713967459008,-0.3075049807033114,mid,1,True
1624580081,2016-05-02,20,-0.7856744374642757,-0.0860067469919218,mid,0,True
1624580081,2016-05-03,21,-0.0915120195809354,-0.03586722160360234,mid,0,True
1624580081,2016-05-04,22,0.1598721927665499,0.040336531235194935,mid,0,False
1624580081,2016-05-05,23,0.5599014227673624,0.052041728323369854,mid,0,False
1624580081,2016-05-06,24,1.0357759357529508,0.09503064738973313,mid,0,False
1624580081,2016-05-07,25,1.2828801914965726,0.177245997498192,mid,0,False
1624580081,2016-05-08,26,0.2115655693366165,0.33519099515464534,mid,0,False
1624580081,2016-05-09,27,0.1522734991270667,0.1339925623701918,mid,0,False
1624580081,2016-05-10,28,0.0864856082563341,0.025428232548181384,mid,0,False
1624580081,2016-05-11,29,0.0641043694673368,-0.013681117614173273,mid,0,False
1624580081,2016-05-12,30,0.0582561072521287,-0.07166361650217622,mid,0,False
1644430081,2016-04-12,0,,,low,0,False
1644430081,2016-04-13,1,,,low,0,False
1644430081,2016-04-14,2,,,low,0,False
1644430081,2016-04-15,3,,,low,0,False
1644430081,2016-04-16,4,,,low,0,False
1644430081,2016-04-17,5,,,low,0,False
1644430081,2016-04-18,6,,,low,0,False
1644430081,2016-04-19,7,,,low,0,False
1644430081,2016-04-20,8,,,low,0,False
1644430081,2016-04-21,9,,,low,0,False
1644430081,2016-04-22,10,,,low,0,False
1644430081,2016-04-23,11,,,low,0,False
1644430081,2016-04-24,12,,,low,0,False
1644430081,2016-04-25,13,,,low,0,False
1644430081,2016-04-26,14,,,low,0,False
1644430081,2016-04-27,15,,,low,0,False
1644430081,2016-04-28,16,,,low,0,False
1644430081,2016-04-29,17,,,low,0,False
1644430081,2016-04-30,18,,,low,0,False
1644430081,2016-05-01,19,,,low,0,False
1644430081,2016-05-02,20,,,low,0,False
1644430081,2016-05-03,21,,,low,0,False
1644430081,2016-05-04,22,,,low,0,False
1644430081,2016-05-05,23,,,low,0,False
1644430081,2016-05-06,24,,,low,0,False
1644430081,2016-05-07,25,,,low,0,False
1644430081,2016-05-08,26,,,low,0,False
1644430081,2016-05-09,27,,,low,0,False
1644430081,2016-05-10,28,,,low,0,False
1644430081,2016-05-11,29,,,low,0,False
1844505072,2016-04-12,0,,,mid,0,False
1844505072,2016-04-13,1,,,mid,0,False
1844505072,2016-04-14,2,,,mid,0,False
1844505072,2016-04-15,3,,,mid,0,False
1844505072,2016-04-16,4,,,mid,0,False
1844505072,2016-04-17,5,,,mid,0,False
1844505072,2016-04-18,6,,,mid,0,False
1844505072,2016-04-19,7,,,mid,0,False
1844505072,2016-04-20,8,,,mid,0,False
1844505072,2016-04-21,9,,,mid,0,False
1844505072,2016-04-22,10,,,mid,0,False
1844505072,2016-04-23,11,,,mid,0,False
1844505072,2016-04-24,12,,,mid,0,False
1844505072,2016-04-25,13,,,mid,0,False
1844505072,2016-04-26,14,,,mid,0,False
1844505072,2016-04-27,15,,,mid,0,False
1844505072,2016-04-28,16,,,mid,0,False
1844505072,2016-04-29,17,,,mid,0,False
1844505072,2016-04-30,18,,,mid,0,False
1844505072,2016-05-01,19,,,mid,0,False
1844505072,2016-05-02,20,,,mid,0,False
1844505072,2016-05-03,21,,,mid,0,False
1844505072,2016-05-04,22,,,mid,0,False
1844505072,2016-05-05,23,,,mid,0,False
1844505072,2016-05-06,24,,,mid,0,False
1844505072,2016-05-07,25,,,mid,0,False
1844505072,2016-05-08,26,,,mid,0,False
1844505072,2016-05-09,27,,,mid,0,False
1844505072,2016-05-10,28,,,mid,0,False
1844505072,2016-05-11,29,,,mid,0,False
1844505072,2016-05-12,30,,,mid,0,False
1927972279,2016-04-12,0,-0.3303361210984976,,high,0,False
1927972279,2016-04-13,1,3.415150011531703,,high,0,False
1927972279,2016-04-14,2,,,high,0,False
1927972279,2016-04-15,3,,,high,0,False
1927972279,2016-04-16,4,,,high,0,False
1927972279,2016-04-17,5,,,high,0,False
1927972279,2016-04-18,6,,,high,0,False
1927972279,2016-04-19,7,,,high,0,False
1927972279,2016-04-20,8,,,high,0,False
1927972279,2016-04-21,9,,,high,0,False
1927972279,2016-04-22,10,,,high,0,False
1927972279,2016-04-23,11,,,high,0,False
1927972279,2016-04-24,12,,,high,0,False
1927972279,2016-04-25,13,,,high,0,False
1927972279,2016-04-26,14,,,high,0,False
1927972279,2016-04-27,15,,,high,0,False
1927972279,2016-04-28,16,,,high,0,False
1927972279,2016-04-29,17,,,high,0,False
1927972279,2016-04-30,18,,,high,0,False
1927972279,2016-05-01,19,,,high,0,False
1927972279,2016-05-02,20,,,high,0,False
1927972279,2016-05-03,21,,,high,0,False
1927972279,2016-05-04,22,,,high,0,False
1927972279,2016-05-05,23,,,high,0,False
1927972279,2016-05-06,24,,,high,0,False
1927972279,2016-05-07,25,,,high,0,False
1927972279,2016-05-08,26,,,high,0,False
1927972279,2016-05-09,27,,,high,0,False
1927972279,2016-05-10,28,,,high,0,False
1927972279,2016-05-11,29,,,high,0,False
1927972279,2016-05-12,30,,,high,0,False
2022484408,2016-04-12,0,-0.044919468219217,,mid,0,False
2022484408,2016-04-13,1,-0.1510828318032595,,mid,0,False
2022484408,2016-04-14,2,0.4300101763377517,,mid,0,False
2022484408,2016-04-15,3,0.2704445033535482,0.10512132385758839,mid,0,False
2022484408,2016-04-16,4,0.3962106826463556,0.11028253771639315,mid,0,True
2022484408,2016-04-17,5,-0.5248277470247997,-0.09598165576111654,mid,0,True
2022484408,2016-04-18,6,-0.5209178714699848,-0.0793330672084613,mid,0,True
2022484408,2016-04-19,7,-0.2280334577567936,-0.026159141362510945,mid,0,True
2022484408,2016-04-20,8,-0.7412380230354421,-0.08430788446174035,mid,0,True
2022484408,2016-04-21,9,-0.3350206561673063,-0.10929011892929401,mid,1,True
2022484408,2016-04-22,10,-0.2350917182970917,-0.0722194602358057,mid,0,True
2022484408,2016-04-23,11,1.119092344164712,0.10326880878833664,mid,0,False
2022484408,2016-04-24,12,0.1505297779092908,0.09647964641915578,mid,0,False
2022484408,2016-04-25,13,0.2283933019137784,0.1070444533405376,mid,0,False
2022484408,2016-04-26,14,0.4815332517013159,0.10136667277972992,mid,0,False
2022484408,2016-04-27,15,0.2678705761659821,0.1441583713144892,mid,0,False
2022484408,2016-04-28,16,0.1872683580086343,0.07461271631084865,mid,0,False
2022484408,2016-04-29,17,-0.0075129139362489,0.03251125776583468,mid,0,True
2022484408,2016-04-30,18,-0.9030213703092788,-0.28887338778199867,mid,1,True
2022484408,2016-05-01,19,-0.2404355117660872,-0.055852184239339735,mid,0,True
2022484408,2016-05-02,20,-0.1295517972844321,-0.05113501417117293,mid,0,True
2022484408,2016-05-03,21,-0.2247158526447924,-0.10089272919230119,mid,1,True
2022484408,2016-05-04,22,-0.0521335894023608,-0.04571488079547755,mid,0,False
2022484408,2016-05-05,23,0.1012110173516871,-0.012293905808135318,mid,0,False
2022484408,2016-05-06,24,0.5555670570530234,0.08043999585561033,mid,0,False
2022484408,2016-05-07,25,0.6842856822374508,0.22675815036381852,mid,0,False
2022484408,2016-05-08,26,1.4710256757103028,0.24449445535377004,mid,0,False
2022484408,2016-05-09,27,0.23418241150519,0.051962029827088925,mid,0,False
2022484408,2016-05-10,28,-0.1075977124493091,0.01673116288506909,mid,0,False
2022484408,2016-05-11,29,-0.5243468056125902,-0.06745903088717557,mid,0,False
2022484408,2016-05-12,30,-0.2291022164505927,-0.04718760482889708,mid,0,False
2026352035,2016-04-12,0,0.1155888940640709,,low,0,False
2026352035,2016-04-13,1,-1.598241276770433,,low,0,False
2026352035,2016-04-14,2,-0.5947068119257519,,low,0,False
2026352035,2016-04-15,3,-0.0573386530074291,-0.057642515690499975,low,0,False
2026352035,2016-04-16,4,0.295652397784386,0.0450158759300788,low,0,False
2026352035,2016-04-17,5,1.6627223205312092,0.3094266852934277,low,0,False
2026352035,2016-04-18,6,,0.3094266852934277,low,0,False
2026352035,2016-04-19,7,,0.3094266852934277,low,0,False
2026352035,2016-04-20,8,,0.8152408993254106,low,0,False
2026352035,2016-04-21,9,,0.7524763774856537,low,0,False
2026352035,2016-04-22,10,,,low,0,False
2026352035,2016-04-23,11,,,low,0,False
2026352035,2016-04-24,12,,,low,0,False
2026352035,2016-04-25,13,-0.6939234823671053,,low,0,False
2026352035,2016-04-26,14,,,low,0,False
2026352035,2016-04-27,15,,,low,0,False
2026352035,2016-04-28,16,,,low,0,False
2026352035,2016-04-29,17,,,low,0,False
2026352035,2016-04-30,18,,,low,0,False
2026352035,2016-05-01,19,,,low,0,False
2026352035,2016-05-02,20,,,low,0,False
2026352035,2016-05-03,21,,,low,0,False
2026352035,2016-05-04,22,,,low,0,False
2026352035,2016-05-05,23,,,low,0,False
2026352035,2016-05-06,24,,,low,0,False
2026352035,2016-05-07,25,,,low,0,False
2026352035,2016-05-08,26,,,low,0,False
2026352035,2016-05-09,27,,,low,0,False
2026352035,2016-05-10,28,2.435481820540515,,low,0,False
2026352035,2016-05-11,29,0.2909349097742782,,low,0,False
2026352035,2016-05-12,30,0.4389024159225312,,low,0,False
2320127002,2016-04-12,0,-0.6662035410620469,,low,0,True
2320127002,2016-04-13,1,2.3941864130468344,,low,0,False
2320127002,2016-04-14,2,2.7028866171134687,,low,0,False
2320127002,2016-04-15,3,1.4875348007726792,0.7179127806115755,low,0,False
2320127002,2016-04-16,4,1.002839997605986,0.4172608846670083,low,0,False
2320127002,2016-04-17,5,0.4579797020806155,0.22483664862853253,low,0,False
2320127002,2016-04-18,6,0.171855418110233,0.13967649319538003,low,0,True
2320127002,2016-04-19,7,-0.2065629085522701,0.06566294750139672,low,0,True
2320127002,2016-04-20,8,-0.6276991783242096,-0.4316979416244348,low,0,True
2320127002,2016-04-21,9,0.1825556945802151,-0.3600472746476076,low,0,True
2320127002,2016-04-22,10,-0.0024260279176885,-0.21285154695576677,low,0,True
2320127002,2016-04-23,11,0.1788965326785632,-0.11770620927534606,low,0,True
2320127002,2016-04-24,12,0.3557837455152368,-0.014599422366482626,low,0,True
2320127002,2016-04-25,13,0.4469024210510691,0.039292428991548056,low,0,False
2320127002,2016-04-26,14,0.48873329460859,0.09932802902298006,low,0,False
2320127002,2016-04-27,15,0.6351829334451591,0.180411730252767,low,0,False
2320127002,2016-04-28,16,0.8975060325007057,0.10213576256007013,low,0,False
2320127002,2016-04-29,17,0.9640085279708795,0.1380620794126526,low,0,False
2320127002,2016-04-30,18,0.1821398807277547,0.00046333543559882805,low,0,False
2320127002,2016-05-01,19,0.6291120511992366,0.03904690081200002,low,0,False
2320127002,2016-05-02,20,0.0693988848639791,-0.05392907659815566,low,0,True
2320127002,2016-05-03,21,-0.8909647887786665,-0.19709972619817945,low,0,True
2320127002,2016-05-04,22,0.0819287422847871,-0.07903631302291023,low,0,False
2320127002,2016-05-05,23,-0.4076504876021417,-0.18645093144326386,low,0,True
2320127002,2016-05-06,24,-0.2215599281643435,-0.1693669223050318,low,0,False
2320127002,2016-05-07,25,-0.8514901937184216,-0.14766143920659655,low,0,False
2320127002,2016-05-08,26,-0.2746177757382964,-0.1291042609910761,low,0,False
2320127002,2016-05-09,27,0.2625028379466101,0.02758627901180447,low,0,False
2320127002,2016-05-10,28,-0.4761766104876231,0.059255454041577664,low,0,False
2320127002,2016-05-11,29,-0.2468136894704412,-0.04696320453646114,low,0,False
2320127002,2016-05-12,30,0.4357308888816319,0.12048305378339627,low,0,False
2347167796,2016-04-12,0,,,high,0,False
2347167796,2016-04-13,1,,,high,0,False
2347167796,2016-04-14,2,,,high,0,False
2347167796,2016-04-15,3,,,high,0,False
2347167796,2016-04-16,4,,,high,0,False
2347167796,2016-04-17,5,,,high,0,False
2347167796,2016-04-18,6,,,high,0,False
2347167796,2016-04-19,7,,,high,0,False
2347167796,2016-04-20,8,,,high,0,False
2347167796,2016-04-21,9,,,high,0,False
2347167796,2016-04-22,10,,,high,0,False
2347167796,2016-04-23,11,,,high,0,False
2347167796,2016-04-24,12,,,high,0,False
2347167796,2016-04-25,13,,,high,0,False
2347167796,2016-04-26,14,,,high,0,False
2347167796,2016-04-27,15,-0.1382577147966766,,high,0,False
2347167796,2016-04-28,16,0.5115523741287877,,high,0,False
2347167796,2016-04-29,17,1.3868210591525876,,high,0,False
2873212765,2016-04-12,0,-0.2047291311108324,,high,0,True
2873212765,2016-04-13,1,1.35092897691432,,high,0,False
2873212765,2016-04-14,2,0.4534212165861415,,high,0,False
2873212765,2016-04-15,3,-0.0777871653774556,0.04231398857779226,high,0,False
2873212765,2016-04-16,4,-0.6567679854206878,-0.11300971357746387,high,1,False
2873212765,2016-04-17,5,1.6423507536447532,0.36941597695111705,high,0,False
2873212765,2016-04-18,6,0.441164466318647,0.10764893290491317,high,0,False
2873212765,2016-04-19,7,0.1524911729815306,0.05103147201319467,high,0,False
2873212765,2016-04-20,8,-0.308271846333538,-0.2370286890354083,high,1,True
2873212765,2016-04-21,9,-0.445778553038223,-0.12845710994633783,high,1,True
2873212765,2016-04-22,10,-0.2407565485637705,-0.023281340455187878,high,0,True
2873212765,2016-04-23,11,-1.1300518735275331,-0.06761198401526365,high,1,True
2873212765,2016-04-24,12,0.1888487385898222,-0.20764314500784728,high,1,False
2873212765,2016-04-25,13,0.2746872589817025,-0.023782458190992044,high,0,False
2873212765,2016-04-26,14,0.1452691820831753,-0.0010317129854793034,high,0,False
2873212765,2016-04-27,15,1.3296756894134458,0.233992505106712,high,0,False
2873212765,2016-04-28,16,0.2857059536666217,0.10449778667212069,high,0,False
2873212765,2016-04-29,17,0.3464944827710638,0.08389300447640492,high,0,False
2873212765,2016-04-30,18,-0.3291949856790588,0.11440812683549637,high,0,True
2873212765,2016-05-01,19,-0.1535148985116385,-0.04890909101449433,high,0,True
2873212765,2016-05-02,20,-0.2488864468893477,-0.07479624369586427,high,1,True
2873212765,2016-05-03,21,-0.4279918211685593,-0.08189442903596203,high,1,True
2873212765,2016-05-04,22,-0.1300331109621289,-0.20852982862508207,high,1,True
2873212765,2016-05-05,23,-0.2288299464516295,-0.07350512858832157,high,1,True
2873212765,2016-05-06,24,0.1467135802628464,-0.02854012892974531,high,0,False
2873212765,2016-05-07,25,0.7371422875929572,0.1523338961817166,high,0,False
2873212765,2016-05-08,26,0.0735032268132332,0.032431160760696,high,0,False
2873212765,2016-05-09,27,0.0813442455028761,0.04717581319888916,high,0,False
2873212765,2016-05-10,28,-0.1154240550877416,0.04465253801154543,high,0,False
2873212765,2016-05-11,29,0.201188025896155,0.04731730526546918,high,0,False
2873212765,2016-05-12,30,-0.1921835012074037,0.005235206463460873,high,0,False
3372868164,2016-04-12,0,0.2869343107805575,,mid,0,False
3372868164,2016-04-13,1,-5.105881165852681,,mid,0,True
3372868164,2016-04-14,2,-2.2146921620190776,,mid,0,True
3372868164,2016-04-15,3,-0.7677339877104643,-0.3515560994970072,mid,1,True
3372868164,2016-04-16,4,-0.2007854947048117,-0.12192995137134224,mid,1,True
3372868164,2016-04-17,5,-0.3832869242557302,-0.1340442470072575,mid,1,True
3372868164,2016-04-18,6,-0.0314594471683126,-0.053065626324811654,mid,0,True
3372868164,2016-04-19,7,0.2021288137773425,-0.012115071000459261,mid,0,False
3372868164,2016-04-20,8,0.6582806210582349,0.8234516838444165,mid,0,False
3372868164,2016-04-21,9,-0.2598915338961723,0.2792572325889865,mid,0,True
3372868164,2016-04-22,10,0.7416274635129947,0.21562306446049412,mid,0,False
3372868164,2016-04-23,11,0.1708186242837556,0.05308630271265243,mid,0,True
3372868164,2016-04-24,12,0.0810944084543542,0.06634019038715488,mid,0,True
3372868164,2016-04-25,13,0.2162065262798762,0.035380853349741226,mid,0,False
3372868164,2016-04-26,14,-0.4429696408267128,-0.09215692208629364,mid,0,False
3372868164,2016-04-27,15,-0.298155774144023,-0.1366337707431797,mid,1,False
3372868164,2016-04-28,16,-0.0738282734711188,0.02658046577500763,mid,0,False
3372868164,2016-04-29,17,-0.4674953905600426,-0.17273183629614822,mid,1,False
3372868164,2016-04-30,18,0.2503661804727712,0.011363936598430793,mid,0,False
3372868164,2016-05-01,19,0.9745033582838228,0.12762984997563837,mid,0,False
3977333714,2016-04-12,0,0.2466366298327398,,high,0,False
3977333714,2016-04-13,1,-1.1629823125835244,,high,0,True
3977333714,2016-04-14,2,0.3834728707251591,,high,0,True
3977333714,2016-04-15,3,-1.4660179927347596,-0.5708848741891664,high,1,True
3977333714,2016-04-16,4,-1.0151110048109993,-0.31543690866093477,high,1,True
3977333714,2016-04-17,5,-1.1009102320143096,-0.26950937236940986,high,1,True
3977333714,2016-04-18,6,-1.3815871032136169,-0.2713706221743928,high,1,True
3977333714,2016-04-19,7,-0.1243873413388922,-0.0530034244530903,high,1,False
3977333714,2016-04-20,8,0.8428511919435573,0.2865476435038688,high,0,False
3977333714,2016-04-21,9,1.1312424212749148,0.10682422150710794,high,0,False
3977333714,2016-04-22,10,0.5088011162716692,0.282117015572347,high,0,False
3977333714,2016-04-23,11,0.7106903180704185,0.2465430461259168,high,0,False
3977333714,2016-04-24,12,-0.3215488736118483,0.11133733691463729,high,0,False
3977333714,2016-04-25,13,-0.3747435489532925,0.1438347934657606,high,0,False
3977333714,2016-04-26,14,-0.2583780857385923,-0.019141534914242895,high,0,False
3977333714,2016-04-27,15,0.0679437323322874,-0.11070106565875286,high,1,False
3977333714,2016-04-28,16,0.9038079742706931,-0.0324906352863174,high,0,False
3977333714,2016-04-29,17,0.039402068978173,-0.06705700675621377,high,1,False
3977333714,2016-04-30,18,0.2651407431642942,-0.0636499392723035,high,1,True
3977333714,2016-05-01,19,-0.7150115100778615,-0.05620894806657332,high,1,True
3977333714,2016-05-02,20,-0.7345153278377495,-0.0513959684120653,high,1,False
3977333714,2016-05-03,21,-0.8796458115801189,-0.08875253226307524,high,1,False
3977333714,2016-05-04,22,-0.2601589536540978,-0.04687181228376932,high,0,False
3977333714,2016-05-05,23,-0.2119344940667622,-0.15939178119106506,high,1,False
3977333714,2016-05-06,24,-0.2019156097735596,-0.03447395410739037,high,0,False
3977333714,2016-05-07,25,0.5630774040808271,0.04256238013093327,high,0,False
3977333714,2016-05-08,26,0.1672039833130191,0.12603078477012578,high,0,False
3977333714,2016-05-09,27,,0.15028655185846143,high,0,False
3977333714,2016-05-10,28,,0.2093699589786276,high,0,False
3977333714,2016-05-11,29,,0.1068407342417792,high,0,False
4020332650,2016-04-12,0,-0.7335657220224838,,mid,0,False
4020332650,2016-04-13,1,,,mid,0,False
4020332650,2016-04-14,2,,,mid,0,False
4020332650,2016-04-15,3,,,mid,0,False
4020332650,2016-04-16,4,,,mid,0,False
4020332650,2016-04-17,5,,,mid,0,False
4020332650,2016-04-18,6,,,mid,0,False
4020332650,2016-04-19,7,,,mid,0,False
4020332650,2016-04-20,8,,,mid,0,False
4020332650,2016-04-21,9,,,mid,0,False
4020332650,2016-04-22,10,,,mid,0,False
4020332650,2016-04-23,11,,,mid,0,False
4020332650,2016-04-24,12,,,mid,0,False
4020332650,2016-04-25,13,,,mid,0,False
4020332650,2016-04-26,14,,,mid,0,False
4020332650,2016-04-27,15,,,mid,0,False
4020332650,2016-04-28,16,,,mid,0,False
4020332650,2016-04-29,17,,,mid,0,False
4020332650,2016-04-30,18,,,mid,0,False
4020332650,2016-05-01,19,,,mid,0,False
4020332650,2016-05-02,20,,,mid,0,False
4020332650,2016-05-03,21,,,mid,0,False
4020332650,2016-05-04,22,,,mid,0,False
4020332650,2016-05-05,23,,,mid,0,False
4020332650,2016-05-06,24,,,mid,0,False
4020332650,2016-05-07,25,,,mid,0,False
4020332650,2016-05-08,26,,,mid,0,False
4020332650,2016-05-09,27,,,mid,0,False
4020332650,2016-05-10,28,,,mid,0,False
4020332650,2016-05-11,29,,,mid,0,False
4020332650,2016-05-12,30,,,mid,0,False
4057192912,2016-04-12,0,-0.1445201781402299,,mid,0,False
4057192912,2016-04-13,1,-0.5754800923887304,,mid,0,False
4057192912,2016-04-14,2,2.109938873272238,,mid,0,False
4057192912,2016-04-15,3,0.6498578293133424,0.26479266915119065,mid,0,False
4319703577,2016-04-12,0,,,low,0,False
4319703577,2016-04-13,1,,,low,0,False
4319703577,2016-04-14,2,,,low,0,False
4319703577,2016-04-15,3,,,low,0,False
4319703577,2016-04-16,4,,,low,0,False
4319703577,2016-04-17,5,,,low,0,False
4319703577,2016-04-18,6,,,low,0,False
4319703577,2016-04-19,7,,,low,0,False
4319703577,2016-04-20,8,,,low,0,False
4319703577,2016-04-21,9,,,low,0,False
4319703577,2016-04-22,10,,,low,0,False
4319703577,2016-04-23,11,,,low,0,False
4319703577,2016-04-24,12,0.198137847981844,,low,0,True
4319703577,2016-04-25,13,-0.3621477825797874,,low,0,True
4319703577,2016-04-26,14,-0.8991624845299424,,low,0,True
4319703577,2016-04-27,15,-0.7217406778135523,-0.3066261752651321,low,0,False
4319703577,2016-04-28,16,-0.475247199495476,-0.16834626186933,low,0,False
4319703577,2016-04-29,17,-0.2339507058567951,-0.08641771076772782,low,0,False
4319703577,2016-04-30,18,-0.3641838377947763,-0.09372028096277003,low,0,False
4319703577,2016-05-01,19,0.8550877092356302,0.09384998017911232,low,0,False
4319703577,2016-05-02,20,0.1098228335020455,0.06742437372597616,low,0,False
4319703577,2016-05-03,21,-0.1932790735203267,0.10084048728708796,low,0,False
4319703577,2016-05-04,22,,0.08807693404887096,low,0,False
4319703577,2016-05-05,23,,0.056393625195029884,low,0,False
4319703577,2016-05-06,24,,0.010167908084117126,low,0,False
4319703577,2016-05-07,25,,0.05696825475814991,low,0,False
4319703577,2016-05-08,26,,,low,0,False
4319703577,2016-05-09,27,,,low,0,False
4319703577,2016-05-10,28,,,low,0,False
4319703577,2016-05-11,29,,,low,0,False
4319703577,2016-05-12,30,1.5529543054622814,,low,0,False
4388161847,2016-04-12,0,,,mid,0,False
4388161847,2016-04-13,1,,,mid,0,False
4388161847,2016-04-14,2,,,mid,0,False
4388161847,2016-04-15,3,,,mid,0,False
4388161847,2016-04-16,4,,,mid,0,False
4388161847,2016-04-17,5,,,mid,0,False
4388161847,2016-04-18,6,,,mid,0,False
4388161847,2016-04-19,7,,,mid,0,False
4388161847,2016-04-20,8,,,mid,0,False
4388161847,2016-04-21,9,-0.1342616771862583,,mid,0,False
4388161847,2016-04-22,10,0.4154645556922174,,mid,0,False
4388161847,2016-04-23,11,-0.6892055321525823,,mid,0,False
4388161847,2016-04-24,12,-0.8970402326246718,-0.25425951847947115,mid,1,False
4388161847,2016-04-25,13,,-0.25425951847947115,mid,1,False
4388161847,2016-04-26,14,,-0.25425951847947115,mid,1,False
4388161847,2016-04-27,15,,-0.25425951847947115,mid,1,False
4388161847,2016-04-28,16,,-0.25425951847947115,mid,1,False
4388161847,2016-04-29,17,,,mid,0,False
4388161847,2016-04-30,18,,,mid,0,False
4388161847,2016-05-01,19,,,mid,0,False
4388161847,2016-05-02,20,,,mid,0,False
4388161847,2016-05-03,21,,,mid,0,False
4388161847,2016-05-04,22,,,mid,0,False
4388161847,2016-05-05,23,,,mid,0,False
4388161847,2016-05-05,24,,,mid,0,False
4388161847,2016-05-06,25,,,mid,0,False
4388161847,2016-05-07,26,,,mid,0,False
4388161847,2016-05-08,27,,,mid,0,False
4388161847,2016-05-09,28,,,mid,0,False
4388161847,2016-05-10,29,,,mid,0,False
4388161847,2016-05-11,30,,,mid,0,False
4388161847,2016-05-12,31,,,mid,0,False
4445114986,2016-04-12,0,0.0815818107286716,,low,0,False
4445114986,2016-04-13,1,1.6418322134661243,,low,0,False
4445114986,2016-04-14,2,-0.4650926590499608,,low,0,False
4445114986,2016-04-15,3,-0.962882690069524,-0.34815483359939847,low,0,False
4445114986,2016-04-16,4,-0.6552089918246649,-0.1841977006383341,low,0,False
4445114986,2016-04-17,5,1.8245065496600508,0.3485849477862758,low,0,False
4445114986,2016-04-18,6,,0.3485849477862758,low,0,False
4445114986,2016-04-19,7,,0.3485849477862758,low,0,False
4445114986,2016-04-20,8,,0.04566858404848162,low,0,False
4445114986,2016-04-21,9,,0.7631997362366705,low,0,False
4445114986,2016-04-22,10,,,low,0,False
4445114986,2016-04-23,11,,,low,0,False
4445114986,2016-04-24,12,,,low,0,False
4445114986,2016-04-25,13,,,low,0,False
4445114986,2016-04-26,14,,,low,0,False
4445114986,2016-04-27,15,,,low,0,False
4445114986,2016-04-28,16,,,low,0,False
4445114986,2016-04-29,17,,,low,0,False
4445114986,2016-04-30,18,,,low,0,False
4445114986,2016-05-01,19,-0.3157087364824724,,low,0,True
4445114986,2016-05-02,20,-0.9299140265923874,,low,0,True
4445114986,2016-05-03,21,-1.124632049533612,,low,0,True
4445114986,2016-05-04,22,-0.0484303983107068,0.0890927793905885,low,0,False
4445114986,2016-05-05,23,-0.5518108354192779,-0.05902552473420139,low,0,True
4445114986,2016-05-06,24,0.4278880979591419,0.14871936688832285,low,0,False
4445114986,2016-05-07,25,0.4001258206870638,0.11930575952825602,low,0,False
4445114986,2016-05-08,26,0.0734820315934637,0.05559868115370515,low,0,False
4445114986,2016-05-09,27,-0.4313697537090181,0.07122061041190993,low,0,False
4445114986,2016-05-10,28,-0.3376813471011147,0.11242152891892819,low,0,False
4445114986,2016-05-11,29,-1.481486922648119,-0.2047223606196303,low,0,False
4445114986,2016-05-12,30,0.1118971944369406,0.09481543283660265,low,0,False
4558609924,2016-04-12,0,,,low,0,False
4558609924,2016-04-13,1,,,low,0,False
4558609924,2016-04-14,2,,,low,0,False
4558609924,2016-04-15,3,,,low,0,False
4558609924,2016-04-16,4,,,low,0,False
4558609924,2016-04-17,5,,,low,0,False
4558609924,2016-04-18,6,,,low,0,False
4558609924,2016-04-19,7,,,low,0,False
4558609924,2016-04-20,8,,,low,0,False
4558609924,2016-04-21,9,,,low,0,False
4558609924,2016-04-22,10,,,low,0,False
4558609924,2016-04-23,11,,,low,0,False
4558609924,2016-04-24,12,,,low,0,False
4558609924,2016-04-25,13,,,low,0,False
4558609924,2016-04-26,14,,,low,0,False
4558609924,2016-04-27,15,,,low,0,False
4558609924,2016-04-28,16,,,low,0,False
4558609924,2016-04-29,17,,,low,0,False
4558609924,2016-04-30,18,,,low,0,False
4558609924,2016-05-01,19,,,low,0,False
4558609924,2016-05-02,20,,,low,0,False
4558609924,2016-05-03,21,,,low,0,False
4558609924,2016-05-04,22,,,low,0,False
4558609924,2016-05-05,23,,,low,0,False
4558609924,2016-05-06,24,,,low,0,False
4558609924,2016-05-07,25,,,low,0,False
4558609924,2016-05-08,26,,,low,0,False
4558609924,2016-05-09,27,,,low,0,False
4558609924,2016-05-10,28,,,low,0,False
4558609924,2016-05-11,29,,,low,0,False
4558609924,2016-05-12,30,,,low,0,False
4702921684,2016-04-12,0,0.0943984915247054,,mid,0,False
4702921684,2016-04-13,1,1.0181143935225836,,mid,0,False
4702921684,2016-04-14,2,0.5665475476831546,,mid,0,False
4702921684,2016-04-15,3,2.1990341894038137,0.7015452326263695,mid,0,False
4702921684,2016-04-16,4,0.2050841973369346,0.027671426453057313,mid,0,False
4702921684,2016-04-17,5,-1.9221655864381473,-0.4033128155925705,mid,1,False
4702921684,2016-04-18,6,0.0976116874517034,0.0005355326544997189,mid,0,False
4702921684,2016-04-19,7,-0.4315604970546261,-0.07513699836847589,mid,0,False
4702921684,2016-04-20,8,-0.629541293196594,-0.23537938381702533,mid,1,False
4702921684,2016-04-21,9,-0.1533575802013322,-0.1028435896977838,mid,1,False
4702921684,2016-04-22,10,,-0.39206529493419096,mid,1,False
4702921684,2016-04-23,11,,-0.07168835550765329,mid,0,False
4702921684,2016-04-24,12,,0.4422020015592038,mid,0,False
4702921684,2016-04-25,13,,-0.08365642255101184,mid,0,False
4702921684,2016-04-26,14,,,mid,0,False
4702921684,2016-04-27,15,,,mid,0,False
4702921684,2016-04-28,16,,,mid,0,False
4702921684,2016-04-29,17,0.4989087052100812,,mid,0,False
4702921684,2016-04-30,18,-0.2615158600786159,,mid,0,False
4702921684,2016-05-01,19,,,mid,0,False
4702921684,2016-05-02,20,,,mid,0,False
4702921684,2016-05-03,21,,,mid,0,False
4702921684,2016-05-04,22,,,mid,0,False
4702921684,2016-05-05,23,,,mid,0,False
4702921684,2016-05-06,24,,,mid,0,False
4702921684,2016-05-07,25,,,mid,0,False
4702921684,2016-05-07,26,,,mid,0,False
4702921684,2016-05-08,27,,,mid,0,False
4702921684,2016-05-09,28,,,mid,0,False
4702921684,2016-05-10,29,,,mid,0,False
4702921684,2016-05-11,30,,,mid,0,False
4702921684,2016-05-12,31,,,mid,0,False
5553957443,2016-04-12,0,-0.0950735981075092,,mid,0,True
5553957443,2016-04-13,1,2.3122342692047124,,mid,0,False
5553957443,2016-04-14,2,-0.4253321465884964,,mid,0,True
5553957443,2016-04-15,3,-0.6565643306635327,-0.1871635775186746,mid,1,True
5553957443,2016-04-16,4,-0.8481554584038788,-0.18827046507409248,mid,1,True
5553957443,2016-04-17,5,1.0992397290016738,0.2388626654218365,mid,0,False
5553957443,2016-04-18,6,0.4571678449528811,0.09204024051006499,mid,0,False
5553957443,2016-04-19,7,0.034347212355024,0.018488687208933263,mid,0,False
5553957443,2016-04-20,8,-0.0005616346701348,-0.3303994148392639,mid,1,True
5553957443,2016-04-21,9,-0.0370047608855212,0.055475340814710714,mid,0,False
5553957443,2016-04-22,10,0.1149626011459718,0.11021813311564346,mid,0,False
5553957443,2016-04-23,11,-0.7323058819023973,0.016549939500211615,mid,0,False
5553957443,2016-04-24,12,0.1896783948083262,-0.12993733345619254,mid,1,False
5553957443,2016-04-25,13,0.1024620760138768,-0.05067225270557207,mid,0,False
5553957443,2016-04-26,14,0.0281376509075575,-0.0008870802067809559,mid,0,False
5553957443,2016-04-27,15,0.2520966326094914,0.03609403818280372,mid,0,True
5553957443,2016-04-28,16,-0.0728603055320752,-0.005122220663793443,mid,0,True
5553957443,2016-04-29,17,-0.2087822547903471,-0.04624926513375986,mid,0,True
5553957443,2016-04-30,18,-0.7796534193844996,-0.006763933926014646,mid,0,True
5553957443,2016-05-01,19,-0.5523721955104783,-0.10600722718840068,mid,1,True
5553957443,2016-05-02,20,-0.1116303867872299,-0.030584637543015276,mid,0,False
5553957443,2016-05-03,21,-0.1102300342111723,-0.01976681215981857,mid,0,False
5553957443,2016-05-04,22,0.6564379685629533,0.05776304799335168,mid,0,False
5553957443,2016-05-05,23,0.1653442712832245,0.034029225259328486,mid,0,True
5553957443,2016-05-06,24,0.4887326763950176,0.09964499016933778,mid,0,False
5553957443,2016-05-07,25,0.7883172781146499,0.22399581392844992,mid,0,False
5553957443,2016-05-08,26,-0.0960494816342745,0.06518895912517196,mid,0,False
5553957443,2016-05-09,27,-0.2488321638829364,-0.019600253870815248,mid,0,False
5553957443,2016-05-10,28,-0.6992836230980114,-0.0841505126981199,mid,0,False
5553957443,2016-05-11,29,0.1412567195817321,-0.07359732128303165,mid,0,False
5553957443,2016-05-12,30,0.364616126325502,0.028467407863182474,mid,0,False
5577150313,2016-04-12,0,0.0439250843822389,,mid,0,False
5577150313,2016-04-13,1,1.3704267896623308,,mid,0,False
5577150313,2016-04-14,2,-0.7517061128076294,,mid,0,True
5577150313,2016-04-15,3,-0.780146997075357,-0.27469069381919864,mid,1,True
5577150313,2016-04-16,4,-1.081771333561114,-0.28142410448583827,mid,1,True
5577150313,2016-04-17,5,-1.4679704683115948,-0.30237911053876676,mid,1,True
5577150313,2016-04-18,6,-1.0623221451781018,-0.1843745382600568,mid,1,True
5577150313,2016-04-19,7,-0.9253401054940116,-0.13846645569660723,mid,1,True
5577150313,2016-04-20,8,-0.0631845302353848,-0.2048016171282451,mid,1,True
5577150313,2016-04-21,9,0.0997335941584381,0.12163424385229536,mid,0,True
5577150313,2016-04-22,10,0.851620871746201,0.23310969554593686,mid,0,False
5577150313,2016-04-23,11,1.0151944555274937,0.2995665412983725,mid,0,False
5577150313,2016-04-24,12,-0.7843512845415841,0.09765988339571578,mid,0,False
5577150313,2016-04-25,13,0.2142600259307538,0.18236888158697934,mid,0,False
5577150313,2016-04-26,14,0.6126216671885234,0.21970882466893357,mid,0,False
5577150313,2016-04-27,15,0.3964369294258902,0.06566020852303929,mid,0,False
5577150313,2016-04-28,16,0.2692831835134688,0.024221369907861532,mid,0,True
5577150313,2016-04-29,17,0.2142687355268042,-0.09105030517419954,mid,0,False
5577150313,2016-04-30,18,0.0257544904156894,-0.14134856644454347,mid,1,False
5577150313,2016-05-01,19,-0.7975188305582588,-0.0018810780023820989,mid,0,False
5577150313,2016-05-02,20,-0.8365095529323605,-0.15010993983758777,mid,1,False
5577150313,2016-05-03,21,-0.9040570643597317,-0.21666839022117929,mid,1,False
5577150313,2016-05-04,22,-0.6201908640933106,-0.14523254193131438,mid,1,False
5577150313,2016-05-05,23,1.6515890109736688,0.19747226106574287,mid,0,False
5577150313,2016-05-06,24,,0.2395533792411441,mid,0,False
5577150313,2016-05-07,25,,0.3251669041115959,mid,0,False
5577150313,2016-05-08,26,,0.6122769603829818,mid,0,False
5577150313,2016-05-09,27,,0.8293661879686764,mid,0,False
5577150313,2016-05-10,28,,,mid,0,False
5577150313,2016-05-11,29,,,mid,0,False
6117666160,2016-04-12,0,,,low,0,False
6117666160,2016-04-13,1,,,low,0,False
6117666160,2016-04-14,2,,,low,0,False
6117666160,2016-04-15,3,,,low,0,False
6117666160,2016-04-16,4,,,low,0,False
6117666160,2016-04-17,5,,,low,0,False
6117666160,2016-04-18,6,,,low,0,False
6117666160,2016-04-19,7,,,low,0,False
6117666160,2016-04-20,8,,,low,0,False
6117666160,2016-04-21,9,,,low,0,False
6117666160,2016-04-22,10,-0.6724738213563082,,low,0,False
6117666160,2016-04-23,11,-0.9794901015613976,,low,0,False
6117666160,2016-04-24,12,0.5366206278838969,,low,0,False
6117666160,2016-04-25,13,,,low,0,False
6117666160,2016-04-26,14,,,low,0,False
6117666160,2016-04-27,15,,,low,0,False
6117666160,2016-04-28,16,,,low,0,False
6117666160,2016-04-29,17,,,low,0,False
6117666160,2016-04-30,18,,,low,0,False
6117666160,2016-05-01,19,,,low,0,False
6117666160,2016-05-02,20,,,low,0,False
6117666160,2016-05-03,21,,,low,0,False
6117666160,2016-05-04,22,,,low,0,False
6117666160,2016-05-05,23,,,low,0,False
6117666160,2016-05-06,24,,,low,0,False
6117666160,2016-05-07,25,,,low,0,False
6117666160,2016-05-08,26,,,low,0,False
6117666160,2016-05-09,27,,,low,0,False
6290855005,2016-04-12,0,0.095145142711999,,mid,0,False
6290855005,2016-04-13,1,-1.7105581649925616,,mid,0,True
6290855005,2016-04-14,2,-1.128822499072916,,mid,0,True
6290855005,2016-04-15,3,-1.2767344458915255,-0.4572931962011748,mid,1,True
6290855005,2016-04-16,4,-0.8343808783165951,-0.2323815052571485,mid,1,True
6290855005,2016-04-17,5,-0.5731925437646589,-0.13366753729533157,mid,1,True
6290855005,2016-04-18,6,-0.3052984360278604,-0.06674059645664322,mid,0,True
6290855005,2016-04-19,7,-0.0600980995128916,-0.022177606032127217,mid,0,True
6290855005,2016-04-20,8,0.1578723361046429,0.26691864301388635,mid,0,False
6290855005,2016-04-21,9,1.218023144378086,0.3352636633501431,mid,0,False
6290855005,2016-04-22,10,0.4387668077719111,0.2450716076662052,mid,0,True
6290855005,2016-04-23,11,1.193898983181403,0.2897542659282854,mid,0,False
6290855005,2016-04-24,12,0.3584331322728941,0.13308938229107897,mid,0,False
6290855005,2016-04-25,13,-0.2112732601579245,0.013432167981419394,mid,0,False
6290855005,2016-04-26,14,0.5778252093027445,0.09113190125937655,mid,0,False
6290855005,2016-04-27,15,-0.2555191151904624,-0.05905592161358649,mid,0,False
6290855005,2016-04-28,16,-0.0883340851021187,-0.18662246135431498,mid,1,False
6290855005,2016-04-29,17,0.5503984657482203,0.01594737971090129,mid,0,False
6290855005,2016-04-30,18,0.0645470452376932,-0.16133599113481573,mid,1,True
6290855005,2016-05-01,19,-0.673153619316172,-0.14736953594129518,mid,1,True
6290855005,2016-05-02,20,-0.7529405096566062,-0.07738103564266884,mid,0,True
6290855005,2016-05-03,21,-0.3274760420599876,-0.12932875019467602,mid,1,True
6290855005,2016-05-04,22,-0.2879106679849205,-0.004627364684922609,mid,0,False
6290855005,2016-05-05,23,-0.3534592727958527,-0.0378750268133906,mid,0,False
6290855005,2016-05-06,24,0.1741665338304169,-0.05374741884540051,mid,0,False
6290855005,2016-05-07,25,0.3188240153851402,0.03632528144963527,mid,0,False
6290855005,2016-05-08,26,-0.2233244050530942,0.0642613163232968,mid,0,False
6290855005,2016-05-09,27,-0.1338266102962257,0.08844484276576861,mid,0,False
6290855005,2016-05-10,28,0.8448532093483474,0.16747560734404782,mid,0,False
6775888955,2016-04-12,0,,,low,0,False
6775888955,2016-04-13,1,,,low,0,False
6775888955,2016-04-14,2,,,low,0,False
6775888955,2016-04-15,3,,,low,0,False
6775888955,2016-04-16,4,,,low,0,False
6775888955,2016-04-17,5,,,low,0,False
6775888955,2016-04-18,6,,,low,0,False
6775888955,2016-04-19,7,,,low,0,False
6775888955,2016-04-20,8,,,low,0,False
6775888955,2016-04-21,9,,,low,0,False
6775888955,2016-04-22,10,,,low,0,False
6775888955,2016-04-23,11,,,low,0,False
6775888955,2016-04-24,12,,,low,0,False
6775888955,2016-04-25,13,,,low,0,False
6775888955,2016-04-26,14,,,low,0,False
6775888955,2016-04-27,15,,,low,0,False
6775888955,2016-04-28,16,,,low,0,False
6775888955,2016-04-29,17,,,low,0,False
6775888955,2016-04-30,18,,,low,0,False
6775888955,2016-05-01,19,,,low,0,False
6775888955,2016-05-02,20,,,low,0,False
6775888955,2016-05-03,21,,,low,0,False
6775888955,2016-05-04,22,,,low,0,False
6775888955,2016-05-05,23,,,low,0,False
6775888955,2016-05-06,24,,,low,0,False
6775888955,2016-05-07,25,,,low,0,False
6962181067,2016-04-12,0,0.302361110946417,,high,0,False
6962181067,2016-04-13,1,-5.83845365915999,,high,0,True
6962181067,2016-04-14,2,0.214579315351822,,high,0,False
6962181067,2016-04-15,3,1.6879259030844789,0.4618549307126872,high,0,False
6962181067,2016-04-16,4,0.6613142412172998,0.0897382825677206,high,0,False
6962181067,2016-04-17,5,0.2480373340724513,-0.01086475537479321,high,0,False
6962181067,2016-04-18,6,-0.133839368329434,-0.07270007987930856,high,1,True
6962181067,2016-04-19,7,-0.2623061275871933,-0.08066674836194439,high,1,True
6962181067,2016-04-20,8,-0.8933763447013792,0.7064396163512301,high,0,True
6962181067,2016-04-21,9,-0.8857492025214988,-0.15718978826761726,high,1,True
6962181067,2016-04-22,10,-0.1700692721853954,-0.2654278821814106,high,1,True
6962181067,2016-04-23,11,-1.6792618499064589,-0.3343680130176798,high,1,True
6962181067,2016-04-24,12,-0.2082699680797394,-0.06518675745031298,high,1,True
6962181067,2016-04-25,13,-0.0279728830272972,0.015123783614590972,high,0,False
6962181067,2016-04-26,14,0.1465645545731861,0.05841009745148277,high,0,True
6962181067,2016-04-27,15,0.21170780264348,0.15786916390640846,high,0,False
6962181067,2016-04-28,16,0.1551642011374757,0.14870191480842496,high,0,False
6962181067,2016-04-29,17,0.6168944817450212,0.11242339341863093,high,0,False
6962181067,2016-04-30,18,0.0912957377706799,0.25293679823959125,high,0,True
6962181067,2016-05-01,19,0.824776001650844,0.14757799567579763,high,0,False
6962181067,2016-05-02,20,-0.1619446955451153,-0.0191388303596883,high,0,False
6962181067,2016-05-03,21,0.2122483362150331,0.009383397377406724,high,0,False
6962181067,2016-05-04,22,0.0600261050034276,-0.02166881394857891,high,0,False
6962181067,2016-05-05,23,-0.3435387082848425,-0.07124327277461688,high,1,False
6962181067,2016-05-06,24,0.197079155112345,-0.0599736180903823,high,1,False
6962181067,2016-05-07,25,1.2834814511463986,0.17031224476795984,high,0,False
6962181067,2016-05-08,26,0.5996834596654914,-0.03215607742647892,high,0,False
6962181067,2016-05-09,27,-0.4028502680887292,-0.03441508179194482,high,0,False
6962181067,2016-05-10,28,-0.9480784063567298,-0.16576096322453754,high,1,False
6962181067,2016-05-11,29,-0.2284229950366737,-0.041207014291443037,high,0,False
6962181067,2016-05-12,30,-0.398454666905675,-0.007845136945833208,high,0,False
7007744171,2016-04-12,0,,,high,0,False
7007744171,2016-04-13,1,,,high,0,False
7007744171,2016-04-14,2,,,high,0,False
7007744171,2016-04-15,3,,,high,0,False
7007744171,2016-04-16,4,,,high,0,False
7007744171,2016-04-17,5,,,high,0,False
7007744171,2016-04-18,6,,,high,0,False
7007744171,2016-04-19,7,,,high,0,False
7007744171,2016-04-20,8,,,high,0,False
7007744171,2016-04-21,9,,,high,0,False
7007744171,2016-04-22,10,,,high,0,False
7007744171,2016-04-23,11,,,high,0,False
7007744171,2016-04-24,12,,,high,0,False
7007744171,2016-04-25,13,,,high,0,False
7007744171,2016-04-26,14,,,high,0,False
7007744171,2016-04-27,15,,,high,0,False
7007744171,2016-04-28,16,,,high,0,False
7007744171,2016-04-29,17,,,high,0,False
7007744171,2016-04-30,18,,,high,0,False
7007744171,2016-05-01,19,,,high,0,False
7007744171,2016-05-02,20,,,high,0,False
7007744171,2016-05-03,21,,,high,0,False
7007744171,2016-05-04,22,,,high,0,False
7007744171,2016-05-05,23,,,high,0,False
7007744171,2016-05-06,24,,,high,0,False
7007744171,2016-05-07,25,,,high,0,False
7086361926,2016-04-12,0,-0.345543499832417,,low,0,False
7086361926,2016-04-13,1,4.325405772136623,,low,0,False
7086361926,2016-04-14,2,0.975751394670122,,low,0,False
7086361926,2016-04-15,3,1.5313195770441943,0.6256210256255373,low,0,False
7086361926,2016-04-16,4,,0.6256210256255373,low,0,False
7086361926,2016-04-17,5,,0.6256210256255373,low,0,False
7086361926,2016-04-18,6,,0.6256210256255373,low,0,False
7086361926,2016-04-19,7,,0.6256210256255373,low,0,False
7086361926,2016-04-20,8,,,low,0,False
7086361926,2016-04-21,9,,,low,0,False
7086361926,2016-04-22,10,,,low,0,False
7086361926,2016-04-23,11,,,low,0,False
7086361926,2016-04-24,12,,,low,0,False
7086361926,2016-04-25,13,,,low,0,False
7086361926,2016-04-26,14,,,low,0,False
7086361926,2016-04-27,15,,,low,0,False
7086361926,2016-04-28,16,,,low,0,False
7086361926,2016-04-29,17,,,low,0,False
7086361926,2016-04-30,18,,,low,0,False
7086361926,2016-05-01,19,,,low,0,False
7086361926,2016-05-02,20,,,low,0,False
7086361926,2016-05-03,21,,,low,0,False
7086361926,2016-05-04,22,,,low,0,False
7086361926,2016-05-05,23,,,low,0,False
7086361926,2016-05-06,24,,,low,0,False
7086361926,2016-05-07,25,,,low,0,False
7086361926,2016-05-08,26,,,low,0,False
7086361926,2016-05-09,27,,,low,0,False
7086361926,2016-05-10,28,,,low,0,False
7086361926,2016-05-11,29,,,low,0,False
7086361926,2016-05-12,30,,,low,0,False
8053475328,2016-04-12,0,,,low,0,False
8053475328,2016-04-13,1,,,low,0,False
8053475328,2016-04-14,2,,,low,0,False
8053475328,2016-04-15,3,,,low,0,False
8053475328,2016-04-16,4,,,low,0,False
8053475328,2016-04-17,5,,,low,0,False
8053475328,2016-04-18,6,,,low,0,False
8053475328,2016-04-19,7,,,low,0,False
8053475328,2016-04-20,8,,,low,0,False
8053475328,2016-04-21,9,,,low,0,False
8053475328,2016-04-22,10,,,low,0,False
8053475328,2016-04-23,11,,,low,0,False
8053475328,2016-04-24,12,,,low,0,False
8053475328,2016-04-25,13,,,low,0,False
8053475328,2016-04-26,14,,,low,0,False
8053475328,2016-04-27,15,,,low,0,False
8053475328,2016-04-28,16,,,low,0,False
8053475328,2016-04-29,17,,,low,0,False
8053475328,2016-04-30,18,,,low,0,False
8053475328,2016-05-01,19,,,low,0,False
8053475328,2016-05-02,20,,,low,0,False
8053475328,2016-05-03,21,,,low,0,False
8053475328,2016-05-04,22,,,low,0,False
8053475328,2016-05-05,23,,,low,0,False
8053475328,2016-05-06,24,,,low,0,False
8053475328,2016-05-07,25,,,low,0,False
8053475328,2016-05-08,26,,,low,0,False
8053475328,2016-05-09,27,,,low,0,False
8053475328,2016-05-10,28,,,low,0,False
8053475328,2016-05-11,29,,,low,0,False
8053475328,2016-05-12,30,,,low,0,False
8253242879,2016-04-12,0,-0.203006852052364,,mid,0,True
8253242879,2016-04-13,1,0.4209336563807673,,mid,0,False
8253242879,2016-04-14,2,1.1575256686005184,,mid,0,False
8253242879,2016-04-15,3,1.5233665006434087,0.5754577842319243,mid,0,False
8253242879,2016-04-16,4,0.054169647054991,0.06429412477683877,mid,0,False
8253242879,2016-04-17,5,-0.4060581037381153,-0.040610250337150246,mid,0,False
8253242879,2016-04-18,6,0.1720339191199742,0.06250679519538971,mid,0,False
8253242879,2016-04-19,7,0.263376740364123,0.06662622748806958,mid,0,True
8253242879,2016-04-20,8,-0.0518564680419526,-0.06754144634610283,mid,0,False
8253242879,2016-04-21,9,-0.6637200667614708,-0.26017796219456985,mid,1,True
8253242879,2016-04-22,10,0.6065440200023453,-0.13097464009158047,mid,1,False
8253242879,2016-04-23,11,-0.2155811633192562,-0.038535830053463886,mid,0,True
8253242879,2016-04-24,12,-0.5461741316905862,-0.020016575421781552,mid,0,False
8253242879,2016-04-25,13,-0.2413465637791064,-0.05905435469986866,mid,0,False
8253242879,2016-04-26,14,0.3221099157753029,0.008390453630168548,mid,0,False
8253242879,2016-04-27,15,-0.2569450764899348,-0.029298372635426038,mid,0,False
8253242879,2016-04-28,16,0.354500704924829,0.14546011024089994,mid,0,False
8253242879,2016-04-29,17,0.3765455417661527,-0.032856925462313245,mid,0,False
8253242879,2016-04-30,18,1.1067310219796709,0.18890174075698954,mid,0,False
8378563200,2016-04-12,0,0.4225910445766289,,low,0,False
8378563200,2016-04-13,1,-4.866882154622575,,low,0,True
8378563200,2016-04-14,2,-2.4806418208877243,,low,0,True
8378563200,2016-04-15,3,-2.697363577647136,-1.0399848740745885,low,0,True
8378563200,2016-04-16,4,-2.5193491071737784,-0.7354850379376019,low,0,True
8378563200,2016-04-17,5,-0.4543894373435733,-0.1753960963840405,low,0,True
8378563200,2016-04-18,6,-0.5126868375831747,-0.15587964702663398,low,0,True
8378563200,2016-04-19,7,0.2489893735043482,-0.024800238724611585,low,0,False
8378563200,2016-04-20,8,0.8500513706882722,0.8167047893301209,low,0,False
8378563200,2016-04-21,9,0.381718079112982,0.4089085571429581,low,0,False
8378563200,2016-04-22,10,0.0419111232853418,0.39132495727606825,low,0,False
8378563200,2016-04-23,11,-0.5348787880787871,0.283495759870713,low,0,True
8378563200,2016-04-24,12,0.4549429881693916,0.12990463221613785,low,0,True
8378563200,2016-04-25,13,0.0499584783650241,0.08037790227831411,low,0,True
8378563200,2016-04-25,14,0.0143561646642744,-0.03351902983429625,low,0,True
8378563200,2016-04-26,15,-1.1310875291980178,-0.2830198428408986,low,0,True
8378563200,2016-04-27,16,-0.5750032023912601,-0.1366744687863203,low,0,True
8378563200,2016-04-28,17,-0.2584111635246637,-0.04290318383000078,low,0,True
8378563200,2016-04-29,18,-0.4005563621794186,0.01918891798562407,low,0,True
8378563200,2016-04-30,19,0.7289121916096593,0.03913845763432395,low,0,False
8378563200,2016-05-01,20,0.1438663511553238,0.013415410398614238,low,0,False
8378563200,2016-05-02,21,1.487393266011685,0.21043387162105867,low,0,False
8378563200,2016-05-03,22,0.5715162486274519,0.24322911111792425,low,0,True
8378563200,2016-05-04,23,0.2766406472242667,0.1216634070879324,low,0,False
8378563200,2016-05-05,24,0.4540355680338301,0.10177810450835627,low,0,False
8378563200,2016-05-06,25,0.812040448368532,0.17322811579256436,low,0,False
8378563200,2016-05-07,26,0.6355029944722008,-0.013344171019636919,low,0,False
8378563200,2016-05-08,27,-0.1292047727410643,-0.03901016055662687,low,0,False
8378563200,2016-05-09,28,0.4224947939787276,-0.15212835314756537,low,0,False
8378563200,2016-05-10,29,0.7068013832972521,0.019326447809971455,low,0,False
8378563200,2016-05-11,30,0.2350688727898608,-0.005938824919200844,low,0,False
8378563200,2016-05-12,31,-0.0985037673929944,-0.07893419077526065,low,0,False
8583815059,2016-04-12,0,0.1605445313730875,,high,0,False
8583815059,2016-04-13,1,-0.1669359675305275,,high,0,True
8583815059,2016-04-14,2,0.7819564161306097,,high,0,False
8583815059,2016-04-15,3,0.6467384246735268,0.16206463110014646,high,0,False
8583815059,2016-04-16,4,0.2168908730493447,0.014086585419064324,high,0,False
8583815059,2016-04-17,5,0.462170533078702,0.06032520034112292,high,0,False
8583815059,2016-04-18,6,0.362500637968046,0.03365935109915976,high,0,False
8583815059,2016-04-19,7,0.0843700392021725,-0.010882070310130701,high,0,False
8583815059,2016-04-20,8,-0.0329048724058713,0.01914729930352233,high,0,False
8583815059,2016-04-21,9,-0.427704073507806,-0.1728086413769165,high,1,True
8583815059,2016-04-22,10,-0.5241256207612943,-0.1672662922049744,high,1,False
8583815059,2016-04-23,11,-0.7464941395130028,-0.13762643036604966,high,1,True
8583815059,2016-04-24,12,-0.5232988353904087,-0.14078133835273007,high,1,True
8583815059,2016-04-25,13,0.1369352157822468,-0.03222363174082844,high,0,True
8583815059,2016-04-26,14,-0.3749735398535547,-0.06562051129367531,high,1,True
8583815059,2016-04-27,15,-0.5808430972040377,-0.07827688925688091,high,1,True
8583815059,2016-04-28,16,0.0610363187349603,0.0698200560346809,high,0,False
8583815059,2016-04-29,17,-0.9711960303114328,-0.0638672013643055,high,1,True
8583815059,2016-04-30,18,-0.623725698440631,0.01753834872462454,high,0,True
8583815059,2016-05-01,19,0.1626574273209059,0.09799375181590207,high,0,False
8583815059,2016-05-02,20,0.2392361256731428,0.014614415698699439,high,0,False
8583815059,2016-05-03,21,-0.2172228910886063,0.022535806966421205,high,0,False
8583815059,2016-05-04,22,0.5534329396178648,0.16203943383170036,high,0,False
8583815059,2016-05-05,23,-0.1322844739863053,-0.02761725610303794,high,0,True
8583815059,2016-05-06,24,0.1322684716888043,0.1576377860000339,high,0,False
8583815059,2016-05-07,25,0.0799421442158748,0.10052397752235798,high,0,False
8583815059,2016-05-08,26,-0.0142746420485853,-0.025276009909927306,high,0,False
8583815059,2016-05-09,27,-0.1699123948657153,-0.05844978864840829,high,1,False
8583815059,2016-05-10,28,-0.3012426577788124,-0.012002823812886572,high,0,False
8583815059,2016-05-11,29,-0.0622098205517009,-0.08794896573850938,high,1,False
8583815059,2016-05-12,30,0.7740927686030767,0.12948246322705456,high,0,False
8792009665,2016-04-12,0,-0.1615892824609756,,high,0,False
8792009665,2016-04-13,1,-1.3229148936453186,,high,0,False
8792009665,2016-04-14,2,0.007351972867062,,high,0,False
8792009665,2016-04-15,3,1.1180007628464017,0.42653001510245914,high,0,False
8792009665,2016-04-16,4,,0.42653001510245914,high,0,False
8792009665,2016-04-17,5,,0.42653001510245914,high,0,False
8792009665,2016-04-18,6,,0.42653001510245914,high,0,False
8792009665,2016-04-19,7,,0.42653001510245914,high,0,False
8792009665,2016-04-20,8,,,high,0,False
8792009665,2016-04-21,9,,,high,0,False
8792009665,2016-04-22,10,,,high,0,False
8792009665,2016-04-23,11,,,high,0,False
8792009665,2016-04-24,12,,,high,0,False
8792009665,2016-04-25,13,,,high,0,False
8792009665,2016-04-26,14,,,high,0,False
8792009665,2016-04-27,15,,,high,0,False
8792009665,2016-04-28,16,,,high,0,False
8792009665,2016-04-29,17,,,high,0,False
8792009665,2016-04-30,18,,,high,0,False
8792009665,2016-05-01,19,,,high,0,False
8792009665,2016-05-02,20,,,high,0,False
8792009665,2016-05-03,21,-0.39923513049156,,high,0,False
8792009665,2016-05-04,22,0.315671423441733,,high,0,False
8792009665,2016-05-05,23,,,high,0,False
8792009665,2016-05-06,24,,,high,0,False
8792009665,2016-05-07,25,,,high,0,False
8792009665,2016-05-08,26,,,high,0,False
8792009665,2016-05-09,27,,,high,0,False
8792009665,2016-05-10,28,,,high,0,False
8877689391,2016-04-12,0,-0.3068880303003983,,high,0,True
8877689391,2016-04-13,1,2.3897534736260257,,high,0,False
8877689391,2016-04-14,2,0.0906381208190904,,high,0,False
8877689391,2016-04-15,3,0.8188885078561706,0.37525884605218973,high,0,False
8877689391,2016-04-16,4,-0.8821661113592341,-0.1438195202647089,high,1,True
8877689391,2016-04-17,5,0.0918191254272886,0.07974143114553742,high,0,False
8877689391,2016-04-18,6,0.4938545668689885,0.13345709952823118,high,0,False
8877689391,2016-04-19,7,-0.0387355658062495,0.038307494927735566,high,0,True
8877689391,2016-04-20,8,-0.0527358386161618,-0.34892704460602675,high,1,False
8877689391,2016-04-21,9,-0.173112417408138,-0.03767864831817548,high,0,True
8877689391,2016-04-22,10,0.0782590452440683,-0.10580420894458606,high,1,True
8877689391,2016-04-23,11,0.1809312913186017,0.15187105752540514,high,0,False
8877689391,2016-04-24,12,-0.0153409381583975,-0.015308580512240861,high,0,True
8877689391,2016-04-25,13,0.4760321336907259,-0.0025460618826089426,high,0,True
8877689391,2016-04-26,14,0.6513039539528567,0.0985770742513009,high,0,True
8877689391,2016-04-27,15,-0.328360841358546,-0.039375000391769145,high,0,True
8877689391,2016-04-28,16,-0.0491820883860384,0.017704332717442824,high,0,True
8877689391,2016-04-29,17,0.2421502756453808,0.023413032914473244,high,0,False
8877689391,2016-04-30,18,-0.830094544543226,-0.14443226226597533,high,1,True
8877689391,2016-05-01,19,0.0774752876404459,0.013259460828406233,high,0,False
8877689391,2016-05-02,20,0.8210787345841017,0.04929237155619659,high,0,False
8877689391,2016-05-03,21,0.8409196120018302,0.0270879511498534,high,0,False
8877689391,2016-05-04,22,0.0243086074604721,0.05038134983128834,high,0,False
8877689391,2016-05-05,23,0.152350979800207,0.028790438312320817,high,0,True
8877689391,2016-05-06,24,-0.2613978800737123,-0.07193545081701326,high,1,False
8877689391,2016-05-07,25,-0.2843523150948723,0.07796317563547915,high,0,False
8877689391,2016-05-08,26,-0.0304255879267463,-0.015414410795313123,high,0,False
8877689391,2016-05-09,27,-0.3030980791486353,-0.16059668767610522,high,1,False
8877689391,2016-05-10,28,0.4542264940611769,-0.05524187399152187,high,1,False
8877689391,2016-05-11,29,-0.3169480422811405,-0.04875094996308747,high,0,False
8877689391,2016-05-12,30,0.5869606756171171,0.06208709940241576,high,0,False
