user_id,date,mean_hr,hr_std,steps,calories,sleep_minutes,health_state_level,health_state_speed,health_state_index
1503960366,2016-04-12,,,13162,1985,327.0,-0.002802140579448137,0.0,-0.002802140579448137
1503960366,2016-04-13,,,10735,1797,384.0,0.05414687903219628,0.05694901961164442,0.4527900163137072
1503960366,2016-04-14,,,10460,1776,,,,
1503960366,2016-04-15,,,9762,1745,412.0,0.06416838305354083,,
1503960366,2016-04-16,,,12669,1863,340.0,0.005229096437365632,,
1503960366,2016-04-17,,,9705,1728,700.0,-0.6477452230365179,,
1503960366,2016-04-18,,,13019,1921,,,,
1503960366,2016-04-19,,,15506,2035,304.0,-0.13754989663820189,,
1503960366,2016-04-20,,,10544,1786,360.0,0.12950503688241954,,
1503960366,2016-04-21,,,9819,1775,325.0,0.2759675137304192,,
1503960366,2016-04-22,,,12764,1827,,,,
1503960366,2016-04-23,,,14371,1949,361.0,-0.18641633051378836,,
1503960366,2016-04-24,,,10039,1788,430.0,-0.003304427984217262,,
1503960366,2016-04-25,,,15355,2013,277.0,-0.058003363864360835,,
1503960366,2016-04-26,,,13755,1970,245.0,0.15265766039890488,,
1503960366,2016-04-27,,,18134,2159,,,,
1503960366,2016-04-28,,,13154,1898,366.0,-0.09918407355355538,,
1503960366,2016-04-29,,,11181,1837,341.0,0.12460891734195684,,
1503960366,2016-04-30,,,14673,1947,404.0,-0.31813994715826155,,
1503960366,2016-05-01,,,10602,1820,369.0,0.10236162208004365,,
1503960366,2016-05-02,,,14727,2004,277.0,-0.0065698462250566025,,
1503960366,2016-05-03,,,15103,1990,273.0,-0.02741190953010894,,
1503960366,2016-05-04,,,11100,1819,,,,
1503960366,2016-05-05,,,14070,1959,247.0,0.12188273763651064,,
1503960366,2016-05-06,,,12159,1896,334.0,0.061927144703692726,,
1503960366,2016-05-07,,,11992,1821,331.0,0.08306892432689009,,
1503960366,2016-05-08,,,10060,1740,594.0,-0.41307794043557333,,
1503960366,2016-05-09,,,12022,1819,338.0,0.06319498712372323,,
1503960366,2016-05-10,,,12207,1859,383.0,-0.0639225337796738,,
1503960366,2016-05-11,,,12770,1783,285.0,0.13380438986810786,-0.008421726338396721,0.0748523054993308
1503960366,2016-05-12,,,0,0,,,,
1624580081,2016-04-12,,,8163,1432,,-0.09790665923493469,0.0,-0.09790665923493469
1624580081,2016-04-13,,,7007,1411,,-0.05112056151326945,0.04678609772166524,0.27638212253838723
1624580081,2016-04-14,,,9107,1572,,-0.1361126075474364,-0.019102974156250854,-0.26983342664119236
1624580081,2016-04-15,,,1510,1344,,0.1713562370818809,0.07227966429162799,0.6773138871232769
1624580081,2016-04-16,,,5370,1463,,0.015132761990507363,0.04485556410460345,0.3291217107227315
1624580081,2016-04-17,,,6175,1554,,-0.01744752232258997,0.02595784284863918,0.1642573776178843
1624580081,2016-04-18,,,10536,1604,,-0.19394767125354334,-0.002483271004875829,-0.21133056828767416
1624580081,2016-04-19,,,2916,1435,,0.11445203864186246,0.006865854058882533,0.1625130170540402
1624580081,2016-04-20,,,4974,1446,,0.031159833528378846,0.006390303325119933,0.07589195680421837
1624580081,2016-04-21,,,6349,1467,,-0.024489720422563803,-0.015128006016897807,-0.13038576254084847
1624580081,2016-04-22,,,4026,1470,,0.06952767145237422,0.013364565605984825,0.163079630694268
1624580081,2016-04-23,,,8538,1562,,-0.1130838103124645,0.003610716513492328,-0.08780879471801821
1624580081,2016-04-24,,,6076,1617,,-0.013440754438122099,0.00445774608791447,0.017763468177279196
1624580081,2016-04-25,,,6497,1492,,-0.0304796360478289,-0.021878224638999164,-0.18362720852082307
1624580081,2016-04-26,,,2826,1402,,0.11809455490046962,0.005923425249115923,0.15955853164428108
1624580081,2016-04-27,,,8367,1670,,-0.1061630294211109,-0.0023314994941005312,-0.12248352587981462
1624580081,2016-04-28,,,2759,1401,,0.12080620589298828,0.010686159801540755,0.19560932450377355
1624580081,2016-04-29,,,2390,1404,,0.13574052255327762,0.03354584021022018,0.3705614040248189
1624580081,2016-04-30,,,6474,1655,,-0.029548770781740407,0.01024385425585274,0.04215820900922877
1624580081,2016-05-01,,,36019,2690,,-1.2253059136767226,-0.129923640438454,-2.1347713967459008
1624580081,2016-05-02,,,7155,1497,,-0.057110477138534545,-0.10408056576082016,-0.7856744374642757
1624580081,2016-05-03,,,2100,1334,,0.14747751938656734,-0.03414136270964325,-0.09151201958093541
1624580081,2016-05-04,,,2193,1368,,0.14371358591933994,0.002308372406744288,0.15987219276654996
1624580081,2016-05-05,,,2470,1370,,0.1325027303234046,0.061056956063422554,0.5599014227673624
1624580081,2016-05-06,,,1727,1341,,0.16257372565835032,0.1247431728706572,1.0357759357529508
1624580081,2016-05-07,,,2104,1474,,0.14731562977507368,0.16222350881735698,1.2828801914965726
1624580081,2016-05-08,,,3427,1427,,0.0937706407735485,0.01682784693758115,0.21156556933661655
1624580081,2016-05-09,,,1732,1328,,0.16237136364398325,-0.0014425520738452163,0.15227349912706672
1624580081,2016-05-10,,,2969,1393,,0.11230700128957158,-0.0036887704333196285,0.08648560825633418
1624580081,2016-05-11,,,3134,1359,,0.10562905481545846,-0.005932097906874511,0.06410436946733689
1624580081,2016-05-12,,,2971,1002,,0.11222605648382476,-0.007709992747385143,0.058256107252128764
1644430081,2016-04-12,,,10694,3199,,,0.0,
1644430081,2016-04-13,,,8001,2902,,,,
1644430081,2016-04-14,,,11037,3226,,,,
1644430081,2016-04-15,,,5263,2750,,,,
1644430081,2016-04-16,,,15300,3493,,,,
1644430081,2016-04-17,,,8757,3011,,,,
1644430081,2016-04-18,,,7132,2806,,,,
1644430081,2016-04-19,,,11256,3300,,,,
1644430081,2016-04-20,,,2436,2430,,,,
1644430081,2016-04-21,,,1223,2140,,,,
1644430081,2016-04-22,,,3673,2344,,,,
1644430081,2016-04-23,,,6637,2677,,,,
1644430081,2016-04-24,,,3321,2413,,,,
1644430081,2016-04-25,,,3580,2497,,,,
1644430081,2016-04-26,,,9919,3123,,,,
1644430081,2016-04-27,,,3032,2489,,,,
1644430081,2016-04-28,,,9405,3108,,,,
1644430081,2016-04-29,,,3176,2498,119.0,0.36806415310400575,,
1644430081,2016-04-30,,,18213,3846,124.0,-0.5047644804210936,,
1644430081,2016-05-01,,,6132,2696,,,,
1644430081,2016-05-02,,,3758,2580,796.0,-0.17117094129559746,,
1644430081,2016-05-03,,,12850,3324,,,,
1644430081,2016-05-04,,,2309,2222,,,,
1644430081,2016-05-05,,,4363,2463,,,,
1644430081,2016-05-06,,,9787,3328,,,,
1644430081,2016-05-07,,,13372,3404,,,,
1644430081,2016-05-08,,,6724,2987,137.0,0.1495573891564897,,
1644430081,2016-05-09,,,6643,3008,,,,
1644430081,2016-05-10,,,9167,2799,,,,
1644430081,2016-05-11,,,1329,1276,,,,
1844505072,2016-04-12,,,6697,2030,,,0.0,
1844505072,2016-04-13,,,4929,1860,,,,
1844505072,2016-04-14,,,7937,2130,,,,
1844505072,2016-04-15,,,3844,1725,644.0,-0.08633984611174125,,
1844505072,2016-04-16,,,3414,1657,,,,
1844505072,2016-04-17,,,4525,1793,,,,
1844505072,2016-04-18,,,4597,1814,,,,
1844505072,2016-04-19,,,197,1366,,,,
1844505072,2016-04-20,,,8,1349,,,,
1844505072,2016-04-21,,,8054,2062,,,,
1844505072,2016-04-22,,,5372,1827,,,,
1844505072,2016-04-23,,,3570,1645,,,,
1844505072,2016-04-24,,,0,1347,,,,
1844505072,2016-04-25,,,0,1347,,,,
1844505072,2016-04-26,,,0,1347,,,,
1844505072,2016-04-27,,,4,1348,,,,
1844505072,2016-04-28,,,6907,1992,,,,
1844505072,2016-04-29,,,4920,1856,,,,
1844505072,2016-04-30,,,4014,1763,722.0,-0.3958461310066669,,
1844505072,2016-05-01,,,2573,1541,590.0,0.23421617681717363,,
1844505072,2016-05-02,,,0,1348,,,,
1844505072,2016-05-03,,,4059,1742,,,,
1844505072,2016-05-04,,,2080,1549,,,,
1844505072,2016-05-05,,,2237,1589,,,,
1844505072,2016-05-06,,,44,1351,,,,
1844505072,2016-05-07,,,0,1347,,,,
1844505072,2016-05-08,,,0,1347,,,,
1844505072,2016-05-09,,,0,1347,,,,
1844505072,2016-05-10,,,0,1347,,,,
1844505072,2016-05-11,,,0,1347,,,,
1844505072,2016-05-12,,,0,665,,,,
1927972279,2016-04-12,,,678,2220,750.0,-0.33033612109849764,0.0,-0.33033612109849764
1927972279,2016-04-13,,,356,2151,398.0,0.13784964548027745,0.4681857665787751,3.415150011531703
1927972279,2016-04-14,,,2163,2383,,,,
1927972279,2016-04-15,,,980,2221,475.0,-0.07938734426299238,,
1927972279,2016-04-16,,,0,2064,,,,
1927972279,2016-04-17,,,0,2063,,,,
1927972279,2016-04-18,,,244,2111,,,,
1927972279,2016-04-19,,,0,2063,,,,
1927972279,2016-04-20,,,0,2063,,,,
1927972279,2016-04-21,,,0,2064,,,,
1927972279,2016-04-22,,,149,2093,,,,
1927972279,2016-04-23,,,2945,2499,,,,
1927972279,2016-04-24,,,2090,2324,,,,
1927972279,2016-04-25,,,152,2100,,,,
1927972279,2016-04-26,,,3761,2638,296.0,-0.4521106593436389,,
1927972279,2016-04-27,,,0,2063,,,,
1927972279,2016-04-28,,,1675,2351,166.0,0.1288155404139804,,
1927972279,2016-04-29,,,0,2063,,,,
1927972279,2016-04-30,,,0,2064,,,,
1927972279,2016-05-01,,,2704,2411,,,,
1927972279,2016-05-02,,,3790,2505,,,,
1927972279,2016-05-03,,,1326,2195,,,,
1927972279,2016-05-04,,,1786,2338,,,,
1927972279,2016-05-05,,,0,2063,,,,
1927972279,2016-05-06,,,2091,2383,,,,
1927972279,2016-05-07,,,1510,2229,,,,
1927972279,2016-05-08,,,0,2063,,,,
1927972279,2016-05-09,,,0,2063,,,,
1927972279,2016-05-10,,,0,2063,,,,
1927972279,2016-05-11,,,0,2063,,,,
1927972279,2016-05-12,,,0,1383,,,,
2022484408,2016-04-12,82.54147615937296,22.045112929945283,11875,2390,,-0.044919468219217,0.0,-0.044919468219217
2022484408,2016-04-13,,,12024,2601,,-0.058189888667222314,-0.013270420448005311,-0.1510828318032595
2022484408,2016-04-14,,,10690,2312,,0.06062045279344271,0.05276996050632986,0.4300101763377517
2022484408,2016-04-15,,,11034,2525,,0.029982703571202255,0.03435168568319228,0.27044450335354825
2022484408,2016-04-16,,,10100,2177,,0.11316775523856443,0.04043470391539874,0.3962106826463556
2022484408,2016-04-17,,,15112,2782,,-0.33321712587152036,-0.027372945879039916,-0.5248277470247997
2022484408,2016-04-18,,,14131,2770,,-0.24584610265344511,-0.03929596697379138,-0.5209178714699848
2022484408,2016-04-19,,,11548,2489,,-0.015795793813191916,-0.030319666277657396,-0.22803345775679368
2022484408,2016-04-20,,,15112,2897,,-0.33321712587152036,-0.058288699594845964,-0.7412380230354421
2022484408,2016-04-21,,,12453,3158,,-0.09639801197053963,-0.03408894917096667,-0.33502065616730636
2022484408,2016-04-22,,,12954,2638,,-0.14101868743665144,-0.013439004408634334,-0.23509171829709177
2022484408,2016-04-23,,,6001,2069,,0.47823791239543545,0.09155063310989667,1.119092344164712
2022484408,2016-04-24,,,13481,2529,,-0.18795500673932797,0.04835496923551697,0.15052977790929084
2022484408,2016-04-25,,,11369,2470,,0.00014652336931111272,0.032606682649209615,0.2283933019137784
2022484408,2016-04-26,,,10119,2793,,0.11147555397338253,0.05286538538970477,0.48153325170131595
2022484408,2016-04-27,,,10159,2463,,0.10791302499405225,0.02285107873884712,0.2678705761659821
2022484408,2016-04-28,,,10140,2296,,0.10960522625923413,0.01109473310705717,0.18726835800863434
2022484408,2016-04-29,,,10245,2611,,0.10025358768849214,-0.015395214517820163,-0.007512913936248991
2022484408,2016-04-30,,,18387,2732,,-0.6248991860541875,-0.03973174060787018,-0.9030213703092788
2022484408,2016-05-01,,,10538,2380,,0.0741580629148978,-0.04494193924014072,-0.24043551176608724
2022484408,2016-05-02,,,10379,2473,,0.08831911560773568,-0.031124416127452544,-0.1295517972844321
2022484408,2016-05-03,,,12183,2752,,-0.0723509413600602,-0.021766415897818886,-0.2247158526447924
2022484408,2016-05-04,,,11768,2649,,-0.03538970319950849,-0.0023919837432646216,-0.05213358940236084
2022484408,2016-05-05,,,11895,2609,,-0.04670073270888214,0.021130250008652752,0.10121101735168711
2022484408,2016-05-06,,,10227,2498,,0.10185672572919077,0.06481576161769038,0.5555670570530234
2022484408,2016-05-07,,,6708,1995,,0.41527021268577263,0.038430781364525456,0.6842856822374508
2022484408,2016-05-08,,,3292,1848,,0.719510187520579,0.10735935545567481,1.4710256757103028
2022484408,2016-05-09,,,13379,2709,,-0.17887055784203573,0.059007567049603686,0.23418241150519006
2022484408,2016-05-10,,,12798,2797,,-0.12712482441726333,0.0027895874239934537,-0.10759771244930916
2022484408,2016-05-11,,,13272,2544,,-0.16934079282232722,-0.05071514468432327,-0.5243468056125902
2022484408,2016-05-12,,,9117,1853,,0.2007169049056062,-0.06140273162231413,-0.22910221645059273
2026352035,2016-04-12,,,4414,1459,503.0,0.11558889406407098,0.0,0.11558889406407098
2026352035,2016-04-13,,,4993,1521,531.0,-0.09863987729024204,-0.214228771354313,-1.598241276770433
2026352035,2016-04-14,,,3335,1431,545.0,-0.04225459615588964,-0.07892174510998032,-0.5947068119257519
2026352035,2016-04-15,,,3821,1444,523.0,0.04707365410744298,-0.01491604387355316,-0.057338653007429144
2026352035,2016-04-16,,,2547,1373,524.0,0.14811557395654412,0.021076689118263128,0.295652397784386
2026352035,2016-04-17,,,838,1214,437.0,0.8061961468972709,0.12236088194770546,1.6627223205312092
2026352035,2016-04-18,,,3325,1419,,,,
2026352035,2016-04-19,,,2424,1356,498.0,0.3122315230826036,,
2026352035,2016-04-20,,,7222,1667,461.0,0.12827658252942367,,
2026352035,2016-04-21,,,2467,1370,477.0,0.4328362384477388,,
2026352035,2016-04-22,,,2915,1399,520.0,0.14088059016209806,,
2026352035,2016-04-23,,,12357,1916,522.0,-0.6636394238341757,,
2026352035,2016-04-24,,,3490,1401,555.0,-0.11441727367741095,,
2026352035,2016-04-25,,,6017,1576,506.0,-0.036733712217860974,-0.09388425287846348,-0.6939234823671053
2026352035,2016-04-26,,,5933,1595,,,,
2026352035,2016-04-27,,,6088,1593,508.0,-0.05452439235500753,,
2026352035,2016-04-28,,,6375,1649,513.0,-0.10819401363027967,,
2026352035,2016-04-29,,,7604,1692,490.0,-0.07532831321506685,,
2026352035,2016-04-30,,,4729,1506,573.0,-0.32490556440436424,,
2026352035,2016-05-01,,,3609,1447,527.0,0.04121187383380412,,
2026352035,2016-05-02,,,7018,1690,511.0,-0.15034621518936797,,
2026352035,2016-05-03,,,5992,1604,,,,
2026352035,2016-05-04,,,6564,1658,538.0,-0.2719359146936032,,
2026352035,2016-05-05,,,12167,1926,468.0,-0.32827895465418444,,
2026352035,2016-05-06,,,8198,1736,524.0,-0.3263063090482502,,
2026352035,2016-05-07,,,4193,1491,511.0,0.08682274950511866,,
2026352035,2016-05-08,,,5528,1555,541.0,-0.2027049288237651,,
2026352035,2016-05-09,,,10685,1869,531.0,-0.5765038585436997,,
2026352035,2016-05-10,,,254,1141,357.0,1.3284239950908279,0.15815111792138384,2.435481820540515
2026352035,2016-05-11,,,8580,1698,523.0,-0.3524616035849683,0.0919137876227495,0.2909349097742782
2026352035,2016-05-12,,,8891,1364,456.0,0.017732931258707896,0.060167069237689046,0.4389024159225312
2320127002,2016-04-12,,,10725,2124,,-0.6662035410620469,0.0,-0.6662035410620469
2320127002,2016-04-13,,,7275,2003,,-0.28365479679843675,0.3825487442636102,2.3941864130468344
2320127002,2016-04-14,,,3973,1696,,0.08248316075473447,0.37434335090839066,2.7028866171134687
2320127002,2016-04-15,,,5205,1801,,-0.054125550240270666,0.22023719300185,1.4875348007726792
2320127002,2016-04-16,,,5057,1724,,-0.03771476352983174,0.14865068016225966,1.0028399976059859
2320127002,2016-04-17,,,6198,1852,,-0.16423305837179672,0.08888753720748746,0.45797970208061556
2320127002,2016-04-18,,,6559,1905,,-0.20426207190198897,0.053731070001746,0.17185541811023303
2320127002,2016-04-19,,,5997,1811,,-0.14194543587991681,-0.009231067524621897,-0.2065629085522701
2320127002,2016-04-20,,,7192,1922,,-0.2744514501973122,-0.05046396116098534,-0.6276991783242096
2320127002,2016-04-21,,,3404,1610,,0.1455759826347328,0.005282815992211758,0.1825556945802151
2320127002,2016-04-22,,,5583,1851,,-0.09603958656828361,0.013373365521513577,-0.002426027917688575
2320127002,2016-04-23,,,5079,1804,61.0,-0.04015420479759969,0.031292962496594696,0.1788965326785632
2320127002,2016-04-24,,,4165,1725,,0.06119349150875965,0.042084322000925316,0.35578374551523684
2320127002,2016-04-25,,,3588,1654,,0.12517338294067357,0.045961291158627945,0.44690242105106914
2320127002,2016-04-26,,,3409,1632,,0.14502156416478554,0.049101675777686364,0.48873329460859005
2320127002,2016-04-27,,,1715,1481,,0.33285854178291757,0.04318919880889164,0.6351829334451591
2320127002,2016-04-28,,,1532,1473,,0.35315025778298736,0.07776511067395976,0.8975060325007057
2320127002,2016-04-29,,,924,1410,,0.4205675437285743,0.07763442632032934,0.9640085279708797
2320127002,2016-04-30,,,4571,1779,,0.016174711749042045,0.023709309854101808,0.18213988072775472
2320127002,2016-05-01,,,772,1403,,0.43742186521497106,0.027384312283466505,0.6291120511992366
2320127002,2016-05-02,,,3634,1613,,0.12007273301715878,-0.007239121164739953,0.0693988848639791
2320127002,2016-05-03,,,7443,1878,,-0.30228325738866474,-0.08409736162714311,-0.8909647887786665
2320127002,2016-05-04,,,1201,1426,,0.38985276049349604,-0.04398914545838698,0.08192874228478719
2320127002,2016-05-05,,,5202,1780,,-0.05379289915830231,-0.050551084063405624,-0.4076504876021417
2320127002,2016-05-06,,,4878,1742,,-0.01786658230571979,-0.029099049408374822,-0.22155992816434356
2320127002,2016-05-07,,,7379,1972,,-0.2951867009733398,-0.07947192753501169,-0.8514901937184216
2320127002,2016-05-08,,,5161,1821,,-0.049246667704734765,-0.03219587257622309,-0.2746177757382964
2320127002,2016-05-09,,,3090,1630,,0.18039346254742078,0.011729910771312765,0.2625028379466101
2320127002,2016-05-10,,,6227,1899,,-0.16744868549749084,-0.044103989284304625,-0.47617661048762316
2320127002,2016-05-11,,,6424,1903,,-0.18929277321341292,-0.008217273751004048,-0.24681368947044124
2320127002,2016-05-12,,,2661,1125,,0.2279625672688958,0.029681188801819445,0.4357308888816319
2347167796,2016-04-12,,,10113,2344,,,0.0,
2347167796,2016-04-13,,,10352,2038,467.0,-0.1619332579857365,,
2347167796,2016-04-14,,,10129,2010,445.0,-0.02206581697035807,,
2347167796,2016-04-15,,,10465,2133,452.0,-0.08072117345037408,,
2347167796,2016-04-16,,,22244,2670,,,,
2347167796,2016-04-17,,,5472,1882,556.0,-0.41902394731103343,,
2347167796,2016-04-18,,,8247,1944,500.0,-0.24147752181940785,,
2347167796,2016-04-19,,,6711,2346,465.0,0.044110392670332746,,
2347167796,2016-04-20,,,10999,2198,,,,
2347167796,2016-04-21,,,10080,2048,460.0,-0.10669517613253801,,
2347167796,2016-04-22,,,7804,1946,405.0,0.3347325896275631,,
2347167796,2016-04-23,,,16901,2629,374.0,0.029306839141641117,,
2347167796,2016-04-24,,,9471,2187,442.0,0.03051717979627707,,
2347167796,2016-04-25,,,9482,2095,433.0,0.08227726174879509,,
2347167796,2016-04-26,,,5980,1861,436.0,0.2518171157252993,,
2347167796,2016-04-27,,,11423,2194,448.0,-0.10860798034099241,-0.00423567635081203,-0.13825771479667662
2347167796,2016-04-28,,,5439,1854,408.0,0.4435624240620122,0.009712850009539373,0.5115523741287877
2347167796,2016-04-29,,,42,403,411.0,0.7142856439419416,0.09607648788723513,1.3868210591525876
2873212765,2016-04-12,,,8796,1982,,-0.2047291311108324,0.0,-0.2047291311108324
2873212765,2016-04-13,,,7618,2004,,-0.010271867607688362,0.19445726350314405,1.35092897691432
2873212765,2016-04-14,,,7910,1893,,-0.058473498289282645,0.07312781641077488,0.4534212165861415
2873212765,2016-04-15,,,8482,2063,,-0.15289587072035088,0.010729815048985031,-0.07778716537745566
2873212765,2016-04-16,,,9685,2148,,-0.35147998616541226,-0.04361257132218223,-0.6567679854206878
2873212765,2016-04-17,,,2524,1529,,0.8306154840773844,0.11596218136676698,1.6423507536447532
2873212765,2016-04-18,,,7762,1890,,-0.034042534793132115,0.06788671444453988,0.44116446631864703
2873212765,2016-04-19,,,7948,1956,,-0.06474631324099697,0.031033926603218232,0.15249117298153064
2873212765,2016-04-20,,,9202,2094,,-0.2717492066475697,-0.0052175199551383255,-0.308271846333538
2873212765,2016-04-21,,,8859,1970,,-0.21512879800446405,-0.0329499650048227,-0.445778553038223
2873212765,2016-04-22,,,7286,2241,,0.04453272618097363,-0.04075561067782059,-0.24075654856377052
2873212765,2016-04-23,,,9317,2021,,-0.2907327255803893,-0.11990273542102059,-1.1300518735275333
2873212765,2016-04-24,,,6873,1898,,0.11270832026144773,0.010877202618339219,0.18884873858982226
2873212765,2016-04-25,,,7373,1907,,0.030171281423101357,0.03493085393694302,0.27468725898170254
2873212765,2016-04-26,,,8242,1882,,-0.11327809207794463,0.03693532488015999,0.1452691820831753
2873212765,2016-04-27,,,3516,1966,,0.6668619990221053,0.0946876700559058,1.3296756894134458
2873212765,2016-04-28,,,7913,1835,,-0.05896872052231272,0.049239239169847786,0.28570595366662177
2873212765,2016-04-29,,,7365,1780,,0.0314918740445149,0.04500037267522128,0.34649448277106387
2873212765,2016-04-30,,,8452,1830,,-0.14794364839005011,-0.025893048184144094,-0.3291949856790588
2873212765,2016-05-01,,,7399,1739,,0.025879355403507345,-0.02562775055930655,-0.15351489851163852
2873212765,2016-05-02,,,7525,1878,,0.005080021616244062,-0.0362809240722274,-0.24888644688934772
2873212765,2016-05-03,,,7412,1906,,0.02373339239371034,-0.06453217336603853,-0.4279918211685593
2873212765,2016-05-04,,,8278,2015,,-0.11922075887430557,-0.0015446217268319101,-0.13003311096212894
2873212765,2016-05-05,,,8314,1971,,-0.12516342567066652,-0.014809502968709006,-0.22882994645162957
2873212765,2016-05-06,,,7063,1910,,0.08134424550287611,0.009338476394281477,0.14671358026284645
2873212765,2016-05-07,,,4940,1897,,0.43179651241049477,0.04362082502606606,0.7371422875929572
2873212765,2016-05-08,,,8168,2096,,-0.10106261032986937,0.024937976734728938,0.0735032268132332
2873212765,2016-05-09,,,7726,1906,,-0.028099867996771177,0.015634873357092467,0.0813442455028761
2873212765,2016-05-10,,,8275,1962,,-0.1187255366412755,0.0004716402219334115,-0.11542405508774162
2873212765,2016-05-11,,,6440,1826,,0.18418539589545568,0.002428947142957052,0.20118802589615503
2873212765,2016-05-12,,,7566,1431,,-0.0016880155685003403,-0.02721364080555763,-0.19218350120740374
3372868164,2016-04-12,,,4747,1788,,0.2869343107805575,0.0,0.2869343107805575
3372868164,2016-04-13,,,9715,2093,,-0.38716762379859737,-0.6741019345791548,-5.105881165852681
3372868164,2016-04-14,,,8844,2065,,-0.268982683174917,-0.2779584969777372,-2.2146921620190776
3372868164,2016-04-15,,,7451,1908,,-0.0799681914541516,-0.09825225660804468,-0.7677339877104643
3372868164,2016-04-16,,,6905,1908,,-0.005882109272143037,-0.027843340776095526,-0.20078549470481172
3372868164,2016-04-17,,,8199,1964,,-0.1814634102675992,-0.028831930569733,-0.3832869242557302
3372868164,2016-04-18,,,6798,2014,,0.00863659181480736,-0.0057280055690171455,-0.03145944716831266
3372868164,2016-04-19,,,7711,1985,,-0.115247278207489,0.045339441712118796,0.20212881377734257
3372868164,2016-04-20,,,4880,1867,,0.2688877010182733,0.0556275600057088,0.6582806210582349
3372868164,2016-04-21,,,8857,2124,,-0.2707466375125839,0.001550729088058787,-0.25989153389617237
3372868164,2016-04-22,,,3843,1669,,0.40959698164600755,0.04743292598099815,0.7416274635129947
3372868164,2016-04-23,,,7396,1995,,-0.07250530771786869,0.03476056171451775,0.1708186242837556
3372868164,2016-04-24,,,6731,1921,,0.017727741093551998,0.00905238105154317,0.0810944084543542
3372868164,2016-04-25,,,5995,2010,,0.1175946943645379,0.014087404559334046,0.21620652627987622
3372868164,2016-04-26,,,8283,2057,,-0.1928612690648313,-0.0357297673945545,-0.4429696408267128
3372868164,2016-04-27,,,7904,2095,,-0.14143521568208178,-0.022388651208848746,-0.298155774144023
3372868164,2016-04-28,,,5512,1972,,0.1831323824486224,-0.03670866513139161,-0.07382827347111887
3372868164,2016-04-29,,,9135,2044,,-0.3084681225796139,-0.022718181140061237,-0.4674953905600426
3372868164,2016-04-30,,,5250,1946,,0.2186828467923701,0.004526190525771586,0.2503661804727712
3372868164,2016-05-01,,,3077,1237,,0.5135345987731478,0.06585267993009644,0.9745033582838228
3977333714,2016-04-12,,,8856,1450,274.0,0.24663662983273987,0.0,0.24663662983273987
3977333714,2016-04-13,,,10035,1495,295.0,0.07043426203070687,-0.17620236780203302,-1.1629823125835244
3977333714,2016-04-14,,,7641,1433,291.0,0.2770446833643886,0.015204026765824358,0.3834728707251591
3977333714,2016-04-15,,,9010,1468,424.0,-0.35248656936115585,-0.15907591762480056,-1.4660179927347596
3977333714,2016-04-16,,,13459,1625,283.0,-0.15573964211285812,-0.12276733752830586,-1.0151110048109993
3977333714,2016-04-17,,,10415,1529,381.0,-0.29633150457516083,-0.11493981820559267,-1.1009102320143096
3977333714,2016-04-18,,,11663,1584,412.0,-0.5171603806667523,-0.12348953179240925,-1.3815871032136169
3977333714,2016-04-19,,,12414,1638,219.0,0.178001212001834,-0.0431983647629609,-0.12438734133889229
3977333714,2016-04-20,,,11658,1554,152.0,0.5004262848136156,0.04891784387570595,0.8428511919435573
3977333714,2016-04-21,,,6093,1397,332.0,0.24012077236946422,0.12730309270077866,1.1312424212749148
3977333714,2016-04-22,,,8911,1481,355.0,-0.07464366866021649,0.08334925499026938,0.5088011162716692
3977333714,2016-04-23,,,12058,1638,235.0,0.1438019677393556,0.0809840500472947,0.7106903180704185
3977333714,2016-04-24,,,14112,1655,310.0,-0.3134583134926945,-0.0011557943027362683,-0.32154887361184836
3977333714,2016-04-25,,,11177,1570,262.0,0.10844534877643726,-0.0690269853899614,-0.37474354895329254
3977333714,2016-04-26,,,11388,1551,250.0,0.13856171478642992,-0.0567056857892889,-0.25837808573859233
3977333714,2016-04-27,,,7193,1377,349.0,0.08586901407245257,-0.002560754534309306,0.06794373233228743
3977333714,2016-04-28,,,7114,1407,261.0,0.43644953859382923,0.06676549081098056,0.9038079742706931
3977333714,2016-04-29,,,10645,1545,333.0,-0.126889312905472,0.023755911697663574,0.039402068978173
3977333714,2016-04-30,,,13238,1650,237.0,0.0418527902479304,0.031898278988051976,0.26514074316429426
3977333714,2016-05-01,,,10414,1501,383.0,-0.3040762597038872,-0.05870503576771061,-0.7150115100778615
3977333714,2016-05-02,,,16520,1760,230.0,-0.19255555301330432,-0.07742282497492074,-0.7345153278377495
3977333714,2016-05-03,,,14335,1710,292.0,-0.2608255820129194,-0.08840288993817136,-0.8796458115801189
3977333714,2016-05-04,,,13559,1628,213.0,0.11014195466303225,-0.052900129759590006,-0.2601589536540978
3977333714,2016-05-05,,,12312,1618,318.0,-0.20117641735780523,-0.0015368681012795757,-0.21193449406676226
3977333714,2016-05-06,,,11677,1590,323.0,-0.17008589438842114,-0.0045471021978769335,-0.20191560977355968
3977333714,2016-05-07,,,11550,1574,237.0,0.17649890790096662,0.05522549945426579,0.5630774040808271
3977333714,2016-05-08,,,13585,1633,259.0,-0.07189597950916501,0.034157137546026305,0.1672039833130191
3977333714,2016-05-09,,,14687,1667,,,,
3977333714,2016-05-10,,,13072,1630,312.0,-0.2383255116063114,,
3977333714,2016-05-11,,,746,52,,,,
4020332650,2016-04-12,62.02360172095882,4.261022797145523,8539,3654,501.0,-0.7335657220224838,0.0,-0.7335657220224838
4020332650,2016-04-13,,,0,1981,,,,
4020332650,2016-04-14,,,108,2011,,,,
4020332650,2016-04-15,,,1882,2951,,,,
4020332650,2016-04-16,,,1982,3051,77.0,0.5030763766934854,,
4020332650,2016-04-17,,,16,1990,,,,
4020332650,2016-04-18,,,62,1995,,,,
4020332650,2016-04-19,,,0,1980,,,,
4020332650,2016-04-20,,,0,1980,,,,
4020332650,2016-04-21,,,0,1980,,,,
4020332650,2016-04-22,,,0,1980,,,,
4020332650,2016-04-23,,,0,1980,,,,
4020332650,2016-04-24,,,0,1980,,,,
4020332650,2016-04-25,,,0,1980,,,,
4020332650,2016-04-26,,,0,1980,,,,
4020332650,2016-04-27,,,0,1980,,,,
4020332650,2016-04-28,,,0,1980,,,,
4020332650,2016-04-29,,,0,1980,,,,
4020332650,2016-04-30,,,0,1980,,,,
4020332650,2016-05-01,,,0,1980,,,,
4020332650,2016-05-02,,,475,2207,,,,
4020332650,2016-05-03,,,4496,2828,322.0,-0.1169147370369174,,
4020332650,2016-05-04,,,10252,3879,478.0,-0.8199566334870199,,
4020332650,2016-05-05,,,11728,3429,226.0,-0.48359280443392616,,
4020332650,2016-05-06,,,4369,2704,385.0,-0.21895933200551398,,
4020332650,2016-05-07,,,6132,2975,,,,
4020332650,2016-05-08,,,5862,3089,364.0,-0.29256737513384207,,
4020332650,2016-05-09,,,4556,2785,,,,
4020332650,2016-05-10,,,5546,2926,442.0,-0.40712998108285076,,
4020332650,2016-05-11,,,3689,2645,,,,
4020332650,2016-05-12,,,590,1120,,,,
4057192912,2016-04-12,,,5394,2286,,-0.1445201781402299,0.0,-0.1445201781402299
4057192912,2016-04-13,,,5974,2306,,-0.19839016742129248,-0.05386998928106257,-0.5754800923887304
4057192912,2016-04-14,,,0,1776,,0.35647072217365194,0.2504954501569409,2.109938873272238
4057192912,2016-04-15,,,3984,1527,,-0.013560376612129542,0.09477402941792455,0.6498578293133424
4319703577,2016-04-12,,,7753,2115,,,0.0,
4319703577,2016-04-13,,,8204,2135,,,,
4319703577,2016-04-14,,,10210,2302,535.0,-0.339712703875071,,
4319703577,2016-04-15,,,5664,1985,465.0,0.14121362535940643,,
4319703577,2016-04-16,,,4744,1884,506.0,0.11786391052509287,,
4319703577,2016-04-17,,,29,1464,,,,
4319703577,2016-04-18,,,2276,1632,515.0,0.27613700563012156,,
4319703577,2016-04-19,,,8925,2200,461.0,-0.08517816538497355,,
4319703577,2016-04-20,,,8954,2220,523.0,-0.22289567405516117,,
4319703577,2016-04-21,,,3702,1792,59.0,1.170822282593597,,
4319703577,2016-04-22,,,4500,1886,533.0,0.07639498144577388,,
4319703577,2016-04-23,,,4935,1945,692.0,-0.3027877739068412,,
4319703577,2016-04-24,,,4081,1880,467.0,0.2509844243372201,-0.007549510907910875,0.198137847981844
4319703577,2016-04-25,,,9259,2314,488.0,-0.16832510953691354,-0.02768895329183913,-0.36214778257978747
4319703577,2016-04-26,,,9899,2236,505.0,-0.2516616598450969,-0.09250011781212078,-0.8991624845299424
4319703577,2016-04-27,,,10780,2324,286.0,0.16387925067691367,-0.12651713264149514,-0.7217406778135523
4319703577,2016-04-28,,,10817,2367,497.0,-0.3003559740899679,-0.02498446077221545,-0.47524719949547606
4319703577,2016-04-29,,,7990,2175,523.0,-0.15338424407245077,-0.011509494540620627,-0.23395070585679517
4319703577,2016-04-30,,,8221,2092,490.0,-0.09785278497878566,-0.03804729325942724,-0.36418383779477637
4319703577,2016-05-01,,,1251,1593,484.0,0.41786017904978884,0.062461075740834475,0.8550877092356302
4319703577,2016-05-02,,,9261,2270,478.0,-0.14659409876914872,0.036630990324456325,0.10982283350204555
4319703577,2016-05-03,,,9648,2235,474.0,-0.16574953083063487,-0.003932791812813129,-0.19327907352032678
4319703577,2016-05-04,,,10429,2282,,,,
4319703577,2016-05-05,,,13658,2530,,,,
4319703577,2016-05-06,,,9524,2266,450.0,-0.10430768571230112,,
4319703577,2016-05-07,,,7937,2158,507.0,-0.1145621970047861,,
4319703577,2016-05-08,,,3672,1792,602.0,-0.01483923528756792,,
4319703577,2016-05-09,,,10378,2345,535.0,-0.35182672901728607,,
4319703577,2016-05-10,,,9487,2260,487.0,-0.1825780496946406,,
4319703577,2016-05-11,,,9129,2232,529.0,-0.24863958545664328,,
4319703577,2016-05-12,,,17,257,302.0,0.9049696794318585,0.09256923229006042,1.5529543054622814
4388161847,2016-04-12,,,10122,2955,,,0.0,
4388161847,2016-04-13,,,10993,3092,,,,
4388161847,2016-04-14,,,8863,2998,,,,
4388161847,2016-04-15,,,8758,3066,499.0,-0.01575298479031892,,
4388161847,2016-04-16,,,6580,3073,426.0,0.27551931175976085,,
4388161847,2016-04-17,,,4660,2572,619.0,0.0827263721757937,,
4388161847,2016-04-18,,,11009,3274,99.0,0.5137564237118118,,
4388161847,2016-04-19,,,10181,3015,329.0,0.17422834827742117,,
4388161847,2016-04-20,,,10553,3083,421.0,-0.014452250709313132,,
4388161847,2016-04-21,,,10055,3069,442.0,-0.013694930611352837,-0.01722382093927222,-0.13426167718625837
4388161847,2016-04-22,,,12139,3544,82.0,0.4584953482919386,-0.006147256085674453,0.4154645556922174
4388161847,2016-04-23,,,13236,3306,478.0,-0.3157425117649182,-0.05335186005538058,-0.6892055321525823
4388161847,2016-04-24,,,10243,2885,552.0,-0.21998536261140353,-0.09672212428760975,-0.8970402326246718
4388161847,2016-04-25,,,12961,3288,,,,
4388161847,2016-04-26,,,9461,2929,319.0,0.24582952102594502,,
4388161847,2016-04-27,,,11193,3074,439.0,-0.09401367630211457,,
4388161847,2016-04-28,,,10074,2969,428.0,0.009332772426955377,,
4388161847,2016-04-29,,,9232,2979,,,,
4388161847,2016-04-30,,,12533,3283,409.0,-0.14235405857620043,,
4388161847,2016-05-01,,,10255,2926,547.0,-0.2121532136638023,,
4388161847,2016-05-02,,,10096,3147,368.0,0.11249100433056924,,
4388161847,2016-05-03,,,12727,3290,,,,
4388161847,2016-05-04,,,12375,3162,390.0,-0.09728443596222952,,
4388161847,2016-05-05,,,9603,2899,471.0,-0.030371043776377782,,
4388161847,2016-05-05,,,9603,2899,471.0,-0.030371043776377782,,
4388161847,2016-05-06,,,13175,3425,,,,
4388161847,2016-05-07,,,22770,4022,472.0,-1.0220652688526342,,
4388161847,2016-05-08,,,17298,3934,529.0,-0.7102302416974374,,
4388161847,2016-05-09,,,10218,3013,62.0,0.6378611841175449,,
4388161847,2016-05-10,,,10299,3061,354.0,0.12168485659870118,,
4388161847,2016-05-11,,,10201,2954,469.0,-0.07183731613684038,,
4388161847,2016-05-12,,,3369,1623,,,,
4445114986,2016-04-12,,,3276,2113,429.0,0.08158181072867167,0.0,0.08158181072867167
4445114986,2016-04-13,,,2961,2095,370.0,0.27661311107085323,0.19503130034218158,1.6418322134661243
4445114986,2016-04-14,,,3974,2194,441.0,-0.03990140477769108,-0.06074160775318138,-0.4650926590499608
4445114986,2016-04-15,,,7198,2496,337.0,-0.18387120207913954,-0.11128735542719778,-0.962882690069524
4445114986,2016-04-16,,,3945,2180,462.0,-0.09110643233313734,-0.08058607992736108,-0.6552089918246649
4445114986,2016-04-17,,,2268,1933,98.0,1.0777570229457032,0.10667850381633538,1.8245065496600508
4445114986,2016-04-18,,,6155,2248,,,,
4445114986,2016-04-19,,,2064,1954,388.0,0.3452825905580973,,
4445114986,2016-04-20,,,2072,1974,439.0,0.2108054651274407,,
4445114986,2016-04-21,,,3809,2150,436.0,-0.005523555944778047,,
4445114986,2016-04-22,,,6831,2432,388.0,-0.2699505067638878,,
4445114986,2016-04-23,,,4363,2149,,,,
4445114986,2016-04-24,,,5002,2247,,,,
4445114986,2016-04-25,,,3385,2070,328.0,0.3317868931337393,,
4445114986,2016-04-26,,,6326,2291,353.0,-0.11319512089307067,,
4445114986,2016-04-27,,,7243,2361,332.0,-0.17659613286393502,,
4445114986,2016-04-28,,,4493,2203,419.0,-0.04931963478928888,,
4445114986,2016-04-29,,,4676,2196,106.0,0.7460459910017698,,
4445114986,2016-04-30,,,6222,2363,322.0,-0.018659384170315402,,
4445114986,2016-05-01,,,5232,2246,439.0,-0.19702683769141244,-0.016954556970151427,-0.31570873648247244
4445114986,2016-05-02,,,6910,2336,502.0,-0.5784343300018258,-0.05021138522722309,-0.9299140265923874
4445114986,2016-05-03,,,7502,2421,417.0,-0.43243062537257093,-0.09888591773729158,-1.124632049533612
4445114986,2016-05-04,,,2923,2070,337.0,0.36786395442421405,-0.059470621819274413,-0.048430398310706835
4445114986,2016-05-05,,,3800,2120,462.0,-0.07239260831138616,-0.06848831815827025,-0.5518108354192779
4445114986,2016-05-06,,,4514,2211,374.0,0.06571535659136131,0.05173896305254009,0.4278880979591419
4445114986,2016-05-07,,,5183,2123,401.0,-0.09127351722479156,0.07019990541597934,0.40012582068706387
4445114986,2016-05-08,,,7303,2423,361.0,-0.2602200688706184,0.047671728637726014,0.07348203159346373
4445114986,2016-05-09,,,5275,2281,457.0,-0.249674562207245,-0.025956455928824725,-0.4313697537090181
4445114986,2016-05-10,,,3915,2181,405.0,0.061909401160268634,-0.05708439260876906,-0.33768134710111475
4445114986,2016-05-11,,,9105,2499,499.0,-0.8538732228117137,-0.08965909997662935,-1.481486922648119
4445114986,2016-05-12,,,768,1212,483.0,0.2639721126664005,-0.02172498831849427,0.11189719443694063
4558609924,2016-04-12,76.9367816091954,7.011206974948425,5135,1909,,,0.0,
4558609924,2016-04-13,,,4978,1722,,,,
4558609924,2016-04-14,,,6799,1922,,,,
4558609924,2016-04-15,,,7795,2121,,,,
4558609924,2016-04-16,,,7289,1997,,,,
4558609924,2016-04-17,,,9634,2117,,,,
4558609924,2016-04-18,,,8940,2116,,,,
4558609924,2016-04-19,,,5401,1876,,,,
4558609924,2016-04-20,,,4803,1788,,,,
4558609924,2016-04-21,,,13743,2486,126.0,-0.6270721793673689,,
4558609924,2016-04-22,,,9601,2094,,,,
4558609924,2016-04-23,,,6890,2085,,,,
4558609924,2016-04-24,,,8563,2173,,,,
4558609924,2016-04-25,,,8095,2225,,,,
4558609924,2016-04-26,,,9148,2223,103.0,0.0828213397222447,,
4558609924,2016-04-27,,,9557,2098,,,,
4558609924,2016-04-28,,,9451,2185,,,,
4558609924,2016-04-29,,,7833,1918,171.0,-0.43554645456145635,,
4558609924,2016-04-30,,,10319,2105,,,,
4558609924,2016-05-01,,,3428,1692,115.0,0.5734438759008678,,
4558609924,2016-05-02,,,7891,2066,,,,
4558609924,2016-05-03,,,5267,1953,,,,
4558609924,2016-05-04,,,5232,1842,,,,
4558609924,2016-05-05,,,10611,2262,,,,
4558609924,2016-05-06,,,3755,1722,,,,
4558609924,2016-05-07,,,8237,1973,,,,
4558609924,2016-05-08,,,6543,2666,123.0,0.16564572725758048,,
4558609924,2016-05-09,,,11451,2223,,,,
4558609924,2016-05-10,,,6435,1889,,,,
4558609924,2016-05-11,,,9108,2131,,,,
4558609924,2016-05-12,,,6307,1452,,,,
4702921684,2016-04-12,,,7213,2947,425.0,0.09439849152470549,0.0,0.09439849152470549
4702921684,2016-04-13,,,6877,2898,400.0,0.20986297927444025,0.11546448774973476,1.0181143935225836
4702921684,2016-04-14,,,7860,2984,384.0,0.19932050400436085,0.05246100623982768,0.5665475476831546
4702921684,2016-04-15,,,6506,2896,253.0,0.7756937917079841,0.20333434252797566,2.1990341894038137
4702921684,2016-04-16,,,11140,3328,382.0,-0.02451645134664937,0.032800092669083424,0.2050841973369346
4702921684,2016-04-17,,,12692,3394,591.0,-0.9012070470407563,-0.145851219913913,-1.9221655864381473
4702921684,2016-04-18,,,9105,3013,293.0,0.4456598903374762,-0.04972117184082469,0.0976116874517034
4702921684,2016-04-19,,,6708,2812,457.0,0.012509859383903754,-0.06343862234836141,-0.4315604970546261
4702921684,2016-04-20,,,8793,3061,454.0,-0.12343030540132258,-0.07230156968503877,-0.629541293196594
4702921684,2016-04-21,,,6530,2729,425.0,0.14253740800047282,-0.04227071260025787,-0.15335758020133228
4702921684,2016-04-22,,,1664,2241,,,,
4702921684,2016-04-23,,,15126,3691,465.0,-0.6101745052370582,,
4702921684,2016-04-24,,,15050,3538,480.0,-0.6598875123617555,,
4702921684,2016-04-25,,,9167,3064,370.0,0.1585993838237024,,
4702921684,2016-04-26,,,6108,2784,421.0,0.18696586162320722,,
4702921684,2016-04-27,,,7047,2908,432.0,0.08039928326666493,,
4702921684,2016-04-28,,,9023,3033,442.0,-0.09558538237755274,,
4702921684,2016-04-29,,,9930,3165,433.0,-0.1264704077546025,0.0893398732806691,0.49890870521008124
4702921684,2016-04-30,,,10144,3115,479.0,-0.31043359289176575,0.006988247544735684,-0.26151586007861594
4702921684,2016-05-01,,,0,2017,,,,
4702921684,2016-05-02,,,7245,2859,,,,
4702921684,2016-05-03,,,9454,3145,327.0,0.29623737795350874,,
4702921684,2016-05-04,,,8161,3004,412.0,0.07530895003645117,,
4702921684,2016-05-05,,,8614,3006,414.0,0.03603818180907272,,
4702921684,2016-05-06,,,6943,2859,404.0,0.19052596674302824,,
4702921684,2016-05-07,,,14370,3683,520.0,-0.7588123257029207,,
4702921684,2016-05-07,,,14370,3683,520.0,-0.7588123257029207,,
4702921684,2016-05-08,,,12857,3287,,,,
4702921684,2016-05-09,,,8232,2990,435.0,-0.014135305792558513,,
4702921684,2016-05-10,,,10613,3172,416.0,-0.11219710306770002,,
4702921684,2016-05-11,,,9810,3069,354.0,0.17202064442735782,,
4702921684,2016-05-12,,,2752,1240,404.0,0.48591425217485973,,
5553957443,2016-04-12,63.05161023947151,9.461427349218395,11596,2026,441.0,-0.0950735981075092,0.0,-0.0950735981075092
5553957443,2016-04-13,,,4832,1718,455.0,0.2058398853065185,0.3009134834140277,2.3122342692047124
5553957443,2016-04-14,,,17022,2324,357.0,-0.1684643866588397,-0.03669539427566525,-0.4253321465884964
5553957443,2016-04-15,,,16556,2254,377.0,-0.1916793213914681,-0.0664121441817235,-0.6565643306635327
5553957443,2016-04-16,,,5771,1831,651.0,-0.2929146046107504,-0.07932012197044691,-0.8481554584038788
5553957443,2016-04-17,,,655,1397,350.0,0.6540309058955258,0.06360126044373543,1.0992397290016738
5553957443,2016-04-18,,,3727,1683,520.0,0.11021696603755615,0.04956441127361786,0.45716784495288115
5553957443,2016-04-19,,,15482,2284,357.0,-0.09259491819144774,0.018134590078067392,0.034347212355024
5553957443,2016-04-20,,,2713,1570,658.0,-0.15842001081505797,0.022551196592131867,-0.0005616346701348973
5553957443,2016-04-21,,,12346,2066,399.0,-0.035060053031557264,-0.00027781540770914097,-0.03700476088552125
5553957443,2016-04-22,,,11682,2105,322.0,0.1754179264940595,-0.008636475049726805,0.11496260114597184
5553957443,2016-04-23,,,4112,1776,631.0,-0.16500965657084415,-0.0810423179045076,-0.7323058819023973
5553957443,2016-04-24,,,1807,1507,553.0,0.1286222881136641,0.008722300956380304,0.18967839480832624
5553957443,2016-04-25,,,10946,2033,433.0,-0.04458163497671329,0.021006244427227167,0.10246207601387687
5553957443,2016-04-26,,,11886,2093,412.0,-0.04241008950631946,0.01007824863055386,0.02813765090755757
5553957443,2016-04-27,,,10538,1922,347.0,0.17406205453570298,0.011147796867684062,0.2520966326094914
5553957443,2016-04-28,,,11393,1999,421.0,-0.03889978389131901,-0.0048515030915366,-0.07286030553207522
5553957443,2016-04-29,,,12764,2169,450.0,-0.1733939334823387,-0.0050554744725726285,-0.2087822547903471
5553957443,2016-04-30,,,1202,1463,775.0,-0.3540903602572508,-0.06079472273246411,-0.7796534193844996
5553957443,2016-05-01,,,5164,1747,622.0,-0.19605959392173558,-0.05090180022696326,-0.5523721955104783
5553957443,2016-05-02,,,9769,1996,409.0,0.06881172251613296,-0.025777444186194702,-0.11163038678722995
5553957443,2016-05-03,,,12848,2116,380.0,-0.01592733223044107,-0.013471814568675897,-0.11023003421117235
5553957443,2016-05-04,,,4249,1698,447.0,0.25303103390009674,0.0576295620946938,0.6564379685629533
5553957443,2016-05-05,,,14331,2156,419.0,-0.17902568076001535,0.049195707434748555,0.16534427128322454
5553957443,2016-05-06,,,9632,1916,400.0,0.09633892672870195,0.05605624995233081,0.4887326763950176
5553957443,2016-05-07,,,1868,1494,442.0,0.3818763243996899,0.05806299338785143,0.7883172781146499
5553957443,2016-05-08,,,6083,1762,568.0,-0.11666828072536665,0.002945542727298867,-0.09604948163427458
5553957443,2016-05-09,,,11611,2272,453.0,-0.12351628973312108,-0.01790226773568791,-0.24883216388293644
5553957443,2016-05-10,,,16358,2335,418.0,-0.2765789950416393,-0.06038637543662458,-0.6992836230980114
5553957443,2016-05-11,,,4926,1693,463.0,0.182739756245768,-0.005926148094862265,0.14125671958173214
5553957443,2016-05-12,,,3121,741,438.0,0.3293807337303186,0.005033627513597629,0.364616126325502
5577150313,2016-04-12,,,8135,3405,419.0,0.04392508438223899,0.0,0.04392508438223899
5577150313,2016-04-13,,,5077,2551,432.0,0.20973779754225044,0.16581271316001145,1.3704267896623308
5577150313,2016-04-14,,,8596,4022,477.0,-0.13288184832662067,-0.08840346635442983,-0.7517061128076294
5577150313,2016-04-15,,,12087,4005,392.0,-0.14453889282724042,-0.09080115774973094,-0.780146997075357
5577150313,2016-04-16,,,14269,4274,406.0,-0.3217843884030565,-0.10856956359400818,-1.0817713335611139
5577150313,2016-04-17,,,12231,4552,549.0,-0.5514003317310239,-0.13093859094008156,-1.4679704683115948
5577150313,2016-04-18,,,9893,3625,527.0,-0.3437620755632437,-0.1026514385164083,-1.0623221451781018
5577150313,2016-04-19,,,12574,3501,449.0,-0.32050359085318075,-0.08640521637726153,-0.9253401054940116
5577150313,2016-04-20,,,8330,3192,447.0,-0.039639511815619075,-0.003363574059966536,-0.06318453023538483
5577150313,2016-04-21,,,10830,4018,414.0,-0.11855268512866952,0.031183754183872526,0.09973359415843815
5577150313,2016-04-22,,,9172,3329,338.0,0.18161606640332867,0.0957149721918389,0.851620871746201
5577150313,2016-04-23,,,7638,3152,384.0,0.16483851960846377,0.12147941941700426,1.0151944555274937
5577150313,2016-04-24,,,15764,4392,543.0,-0.7658044519997578,-0.0026495475059751883,-0.7843512845415841
5577150313,2016-04-25,,,6393,3374,421.0,0.15206685811351675,0.0088847382596053,0.21426002593075386
5577150313,2016-04-26,,,5325,3088,354.0,0.3911070807465643,0.03164494092027987,0.6126216671885234
5577150313,2016-04-27,,,6805,3294,424.0,0.11769704216086119,0.03981998389500415,0.39643692942589026
5577150313,2016-04-28,,,9841,3580,361.0,0.07990747934467779,0.02705367202411301,0.26928318351346886
5577150313,2016-04-29,,,7924,3544,459.0,-0.043637649400515316,0.03684376927533136,0.21426873552680423
5577150313,2016-04-30,,,12363,4501,412.0,-0.21311239684379502,0.034123841037069204,0.02575449041568942
5577150313,2016-05-01,,,13368,4546,379.0,-0.19487158587862713,-0.08609246352566166,-0.7975188305582588
5577150313,2016-05-02,,,7439,3014,525.0,-0.17922283388889992,-0.09389810272049437,-0.8365095529323605
5577150313,2016-05-03,,,11045,3795,508.0,-0.3705203668587251,-0.0762195282144295,-0.9040570643597317
5577150313,2016-05-04,,,5206,2755,603.0,-0.2315950209110978,-0.055513691883173254,-0.6201908640933106
5577150313,2016-05-05,,,7550,3004,74.0,0.9554367321154047,0.0994503255511806,1.6515890109736688
5577150313,2016-05-06,,,4950,2643,,,,
5577150313,2016-05-07,,,0,1819,,,,
5577150313,2016-05-08,,,0,1819,,,,
5577150313,2016-05-09,,,3421,2489,,,,
5577150313,2016-05-10,,,8869,3841,504.0,-0.21898347885993225,,
5577150313,2016-05-11,,,4038,1665,431.0,0.2797900611591514,,
6117666160,2016-04-12,,,0,1496,,,0.0,
6117666160,2016-04-13,,,0,1496,,,,
6117666160,2016-04-14,,,0,1496,,,,
6117666160,2016-04-15,,,14019,2865,,,,
6117666160,2016-04-16,,,14450,2828,380.0,-0.08506347419532556,,
6117666160,2016-04-17,,,7150,2225,336.0,0.4191079866535983,,
6117666160,2016-04-18,,,5153,2018,493.0,0.05458729353568025,,
6117666160,2016-04-19,,,11135,2606,465.0,-0.1681580968626245,,
6117666160,2016-04-20,,,10449,2536,474.0,-0.15982149585547145,,
6117666160,2016-04-21,,,19542,4900,508.0,-0.7259789151799902,,
6117666160,2016-04-22,,,8206,2409,480.0,-0.06292901642184014,-0.08707782927635258,-0.6724738213563082
6117666160,2016-04-23,,,11495,2651,492.0,-0.2668261440074841,-0.1018091367934162,-0.9794901015613975
6117666160,2016-04-24,,,7623,2305,353.0,0.34438400099981664,0.02746237526915432,0.5366206278838969
6117666160,2016-04-25,,,0,1497,,,,
6117666160,2016-04-26,,,9543,2450,,,,
6117666160,2016-04-27,,,9411,2576,542.0,-0.30885139174300724,,
6117666160,2016-04-28,,,3403,1879,393.0,0.4413365141036142,,
6117666160,2016-04-29,,,9592,2560,600.0,-0.4905078226175248,,
6117666160,2016-04-30,,,6987,2275,,,,
6117666160,2016-05-01,,,8915,2361,507.0,-0.1794480022383479,,
6117666160,2016-05-02,,,4933,2044,,,,
6117666160,2016-05-03,,,0,1496,,,,
6117666160,2016-05-04,,,2997,1902,,,,
6117666160,2016-05-05,,,9799,2636,392.0,0.1171610402043782,,
6117666160,2016-05-06,,,3365,1838,658.0,-0.34440260590487515,,
6117666160,2016-05-07,,,7336,2469,498.0,-0.07193252275471848,,
6117666160,2016-05-08,,,7328,2250,555.0,-0.24094943855195883,,
6117666160,2016-05-09,,,4477,1248,492.0,0.09213628463901088,,
6290855005,2016-04-12,,,4562,2560,,0.09514514271199903,0.0,0.09514514271199903
6290855005,2016-04-13,,,7142,2905,,-0.13056777075107104,-0.22571291346307007,-1.7105581649925616
6290855005,2016-04-14,,,7671,2952,,-0.1768476665735377,-0.13599640464276835,-1.128822499072916
6290855005,2016-04-15,,,9501,2896,,-0.33694636100664555,-0.13425544069784004,-1.2767344458915257
6290855005,2016-04-16,,,8301,2783,,-0.23196361055870598,-0.08605960967969846,-0.8343808783165951
6290855005,2016-04-17,,,7851,3171,,-0.19259507914072865,-0.05437106637484718,-0.5731925437646589
6290855005,2016-04-18,,,6885,2766,,-0.1080839650301373,-0.028173495856817592,-0.30529843602786044
6290855005,2016-04-19,,,7142,2839,,-0.13056777075107104,0.01006709589116849,-0.060098099512891606
6290855005,2016-04-20,,,6361,2701,,-0.06224149733453703,0.03144483334845428,0.1578723361046429
6290855005,2016-04-21,,,0,2060,,0.49425456566491593,0.10339551124473857,1.218023144378086
6290855005,2016-04-22,,,6238,2796,,-0.051480765413623224,0.07003536759793348,0.4387668077719111
6290855005,2016-04-23,,,0,2664,,0.49425456566491593,0.09994920250235531,1.193898983181403
6290855005,2016-04-24,,,5896,2703,,-0.02156068153596045,0.05428483054412208,0.3584331322728941
6290855005,2016-04-25,,,7802,2771,,-0.18830828349743778,-0.0032807109514981065,-0.21127326015792453
6290855005,2016-04-26,,,0,2060,,0.49425456566491593,0.011938663376832652,0.5778252093027445
6290855005,2016-04-27,,,5565,2743,,0.007397060462596212,-0.037559453664722665,-0.25551911519046244
6290855005,2016-04-28,,,5731,2687,,-0.00712555334936876,-0.011601218821821418,-0.0883340851021187
6290855005,2016-04-29,,,0,2060,,0.49425456566491593,0.008020557154757765,0.5503984657482203
6290855005,2016-04-30,,,6744,2843,,-0.0957484918525044,0.02289936244145681,0.06454704523769327
6290855005,2016-05-01,,,9837,3327,,-0.36634153113206863,-0.04383029831201476,-0.673153619316172
6290855005,2016-05-02,,,6781,2725,,-0.09898545999131587,-0.09342214995218433,-0.7529405096566062
6290855005,2016-05-03,,,6047,2671,,-0.034771010967326176,-0.04181500444180879,-0.32747604205998765
6290855005,2016-05-04,,,5832,2718,,-0.01596160151207034,-0.038849866638978596,-0.2879106679849205
6290855005,2016-05-05,,,6339,2682,,-0.060316813576324804,-0.04187749417421828,-0.35345927279585276
6290855005,2016-05-06,,,6116,2806,,-0.040807519118082704,0.030710578992642797,0.1741665338304169
6290855005,2016-05-07,,,5510,2613,,0.012208769858126776,0.0438021779324305,0.31882401538514027
6290855005,2016-05-08,,,7706,2712,,-0.17990966346160261,-0.006202105941641667,-0.22332440505309428
6290855005,2016-05-09,,,6277,2175,,-0.05489270480318126,-0.011276272213292077,-0.13382661029622578
6290855005,2016-05-10,,,0,0,,0.49425456566491593,0.050085520526204505,0.8448532093483474
6775888955,2016-04-12,,,0,1841,,,0.0,
6775888955,2016-04-13,,,4053,2400,235.0,0.15839719325789073,,
6775888955,2016-04-14,,,5162,2507,423.0,-0.4004375615616522,,
6775888955,2016-04-15,,,1282,2127,391.0,-0.0005384523145838538,,
6775888955,2016-04-16,,,4732,2225,,,,
6775888955,2016-04-17,,,2497,2067,,,,
6775888955,2016-04-18,,,8294,2798,,,,
6775888955,2016-04-19,,,0,1841,,,,
6775888955,2016-04-20,,,10771,3727,,,,
6775888955,2016-04-21,,,0,1841,,,,
6775888955,2016-04-22,,,637,1922,,,,
6775888955,2016-04-23,,,0,1841,,,,
6775888955,2016-04-24,,,2153,2053,,,,
6775888955,2016-04-25,,,6474,2484,,,,
6775888955,2016-04-26,,,7091,2584,,,,
6775888955,2016-04-27,,,0,1841,,,,
6775888955,2016-04-28,,,703,1993,,,,
6775888955,2016-04-29,,,0,1841,,,,
6775888955,2016-04-30,,,2503,2280,,,,
6775888955,2016-05-01,,,2487,2319,,,,
6775888955,2016-05-02,,,0,1841,,,,
6775888955,2016-05-03,,,9,1843,,,,
6775888955,2016-05-04,,,0,1841,,,,
6775888955,2016-05-05,,,0,1841,,,,
6775888955,2016-05-06,,,4697,2496,,,,
6775888955,2016-05-07,,,1967,1032,,,,
6962181067,2016-04-12,88.03925157616433,25.138118969295217,10199,1994,366.0,0.30236111094641704,0.0,0.30236111094641704
6962181067,2016-04-13,,,5652,1718,630.0,-0.4652407353168839,-0.767601846263301,-5.83845365915999
6962181067,2016-04-14,,,1551,1466,508.0,0.28285404525872926,-0.009753532843843893,0.214579315351822
6962181067,2016-04-15,,,5563,1756,370.0,0.5803928676351695,0.15821900506418707,1.6879259030844789
6962181067,2016-04-16,,,13217,2173,357.0,0.1469484476982693,0.07348082764557579,0.6613142412172998
6962181067,2016-04-17,,,10145,2027,427.0,0.06178858536724422,0.02660696410074388,0.24803733407245138
6962181067,2016-04-18,,,11404,2039,442.0,-0.0780610263266116,-0.007968334571831772,-0.133839368329434
6962181067,2016-04-19,,,10742,2046,476.0,-0.17207318440868832,-0.012890420454072142,-0.2623061275871933
6962181067,2016-04-20,,,13928,2174,418.0,-0.14214309498810468,-0.10731903567332493,-0.8933763447013792
6962181067,2016-04-21,,,11835,2179,451.0,-0.14139619314740087,-0.1063361441962997,-0.8857492025214988
6962181067,2016-04-22,,,10725,2086,425.0,0.03300284000628708,-0.02901030174166893,-0.17006927218539541
6962181067,2016-04-23,,,20031,2571,528.0,-0.9692123382073126,-0.10143564452844947,-1.6792618499064589
6962181067,2016-04-24,,,5029,1705,511.0,0.05026706018629484,-0.036933861180862046,-0.20826996807973946
6962181067,2016-04-25,,,13239,2194,400.0,-0.026445035803448785,-0.00021826388912121346,-0.02797288302729728
6962181067,2016-04-26,,,10433,2012,441.0,-0.012476800219925928,0.022720193541873154,0.14656455457318615
6962181067,2016-04-27,,,10320,2034,455.0,-0.061309341545674294,0.039002449169879196,0.21170780264348005
6962181067,2016-04-28,,,12627,2182,440.0,-0.14762811547832738,0.04325604523082901,0.1551642011374757
6962181067,2016-04-29,,,10762,2254,433.0,-0.0013434900814832257,0.0883197102609292,0.6168944817450212
6962181067,2016-04-30,,,10081,2002,422.0,0.08584747935086778,0.0007783226314017304,0.0912957377706799
6962181067,2016-05-01,,,5454,1740,411.0,0.423307784083893,0.05735260250956442,0.824776001650844
6962181067,2016-05-02,,,12912,2162,466.0,-0.269702718418367,0.015394003267607382,-0.16194469554511534
6962181067,2016-05-03,,,12109,2072,394.0,0.0692233217054018,0.02043214492994733,0.2122483362150331
6962181067,2016-05-04,,,10147,2086,442.0,0.0016623782534561649,0.00833767524999592,0.06002610500342761
6962181067,2016-05-05,,,10524,2066,467.0,-0.12224723411578646,-0.03161306773843658,-0.3435387082848425
6962181067,2016-05-06,,,5908,1850,443.0,0.2665148568899313,-0.009919385968226616,0.197079155112345
6962181067,2016-05-07,,,6815,1947,298.0,0.7889835088631235,0.07064256318332499,1.2834814511463986
6962181067,2016-05-08,,,4188,1659,541.0,-0.01639245279215057,0.08801084463680599,0.5996834596654914
6962181067,2016-05-09,,,12342,2105,489.0,-0.32555031258948686,-0.011042850785606049,-0.4028502680887292
6962181067,2016-05-10,,,15448,2361,469.0,-0.44254471771958115,-0.07221909837673553,-0.9480784063567298
6962181067,2016-05-11,,,6722,1855,452.0,0.17888846973965442,-0.05818735211090403,-0.22842299503667376
6962181067,2016-05-12,,,3587,928,516.0,0.1217240351744947,-0.07431124315430995,-0.398454666905675
7007744171,2016-04-12,107.03248730964468,12.26448705364871,14172,2937,,,0.0,
7007744171,2016-04-13,,,12862,2742,,,,
7007744171,2016-04-14,,,11179,2668,,,,
7007744171,2016-04-15,,,5273,2098,,,,
7007744171,2016-04-16,,,4631,2076,79.0,0.1385182887031103,,
7007744171,2016-04-17,,,8059,2383,,,,
7007744171,2016-04-18,,,14816,2832,,,,
7007744171,2016-04-19,,,14194,2812,,,,
7007744171,2016-04-20,,,15566,3096,,,,
7007744171,2016-04-21,,,13744,2763,,,,
7007744171,2016-04-22,,,15299,2889,,,,
7007744171,2016-04-23,,,8093,2284,,,,
7007744171,2016-04-24,,,11085,2667,,,,
7007744171,2016-04-25,,,18229,3055,,,,
7007744171,2016-04-26,,,15090,2939,,,,
7007744171,2016-04-27,,,13541,2830,,,,
7007744171,2016-04-28,,,15128,2836,,,,
7007744171,2016-04-29,,,20067,3180,,,,
7007744171,2016-04-30,,,3761,2051,,,,
7007744171,2016-05-01,,,5600,2225,58.0,0.446419927160561,,
7007744171,2016-05-02,,,13041,2642,,,,
7007744171,2016-05-03,,,14510,2976,,,,
7007744171,2016-05-04,,,0,1557,,,,
7007744171,2016-05-05,,,15010,2933,,,,
7007744171,2016-05-06,,,11459,2553,,,,
7007744171,2016-05-07,,,0,120,,,,
7086361926,2016-04-12,,,11317,2772,514.0,-0.34554349983241706,0.0,-0.34554349983241706
7086361926,2016-04-13,,,5813,2516,451.0,0.23832515916371297,0.58386865899613,4.325405772136623
7086361926,2016-04-14,,,9123,2734,472.0,-0.05192241216518612,0.14681054383361544,0.9757513946701221
7086361926,2016-04-15,,,8585,2395,377.0,0.32543597655688644,0.17226908578390115,1.5313195770441945
7086361926,2016-04-16,,,31,1635,,,,
7086361926,2016-04-17,,,0,1629,,,,
7086361926,2016-04-18,,,9827,2743,,,,
7086361926,2016-04-19,,,10688,2944,472.0,-0.15335890020410112,,
7086361926,2016-04-20,,,14365,2997,492.0,-0.46378868177474675,,
7086361926,2016-04-21,,,9469,2463,390.0,0.22127222416600384,,
7086361926,2016-04-22,,,9753,2846,428.0,0.06586955214230109,,
7086361926,2016-04-23,,,2817,1965,,,,
7086361926,2016-04-24,,,3520,2049,681.0,-0.44223299532505544,,
7086361926,2016-04-25,,,10091,2752,446.0,-0.02093051842142175,,
7086361926,2016-04-26,,,10387,2781,485.0,-0.1807161105335689,,
7086361926,2016-04-27,,,11107,2693,469.0,-0.16970125946445888,,
7086361926,2016-04-28,,,11584,2862,354.0,0.21397189365344202,,
7086361926,2016-04-29,,,7881,2616,,,,
7086361926,2016-04-30,,,14560,2995,485.0,-0.45119180675490583,,
7086361926,2016-05-01,,,12390,2730,388.0,0.039155983017266666,,
7086361926,2016-05-02,,,10052,2754,440.0,0.0032280857480406627,,
7086361926,2016-05-03,,,10288,2754,456.0,-0.06975052414867494,,
7086361926,2016-05-04,,,10988,2655,420.0,0.014663286281296609,,
7086361926,2016-05-05,,,8564,2386,,,,
7086361926,2016-05-06,,,12461,2924,322.0,0.2724928052267478,,
7086361926,2016-05-07,,,12827,2739,530.0,-0.5010972444010673,,
7086361926,2016-05-08,,,10677,2534,481.0,-0.1850921189703046,,
7086361926,2016-05-09,,,13566,2960,427.0,-0.17766737872698607,,
7086361926,2016-05-10,,,14433,2800,,,,
7086361926,2016-05-11,,,9572,2735,451.0,-0.00531685907161064,,
7086361926,2016-05-12,,,3789,1199,444.0,0.39474795556269276,,
8053475328,2016-04-12,,,18060,3186,,,0.0,
8053475328,2016-04-13,,,16433,3140,,,,
8053475328,2016-04-14,,,20159,3411,,,,
8053475328,2016-04-15,,,20669,3410,,,,
8053475328,2016-04-16,,,14549,2867,,,,
8053475328,2016-04-17,,,18827,3213,,,,
8053475328,2016-04-18,,,17076,3133,,,,
8053475328,2016-04-19,,,15929,3114,,,,
8053475328,2016-04-20,,,15108,3043,486.0,-0.2428997796771836,,
8053475328,2016-04-21,,,16057,3103,,,,
8053475328,2016-04-22,,,10520,2655,,,,
8053475328,2016-04-23,,,22359,3554,331.0,-0.38985279741207707,,
8053475328,2016-04-24,,,22988,3577,,,,
8053475328,2016-04-25,,,20500,3403,,,,
8053475328,2016-04-26,,,12685,2846,,,,
8053475328,2016-04-27,,,12422,2852,,,,
8053475328,2016-04-28,,,15447,3062,,,,
8053475328,2016-04-29,,,12315,2794,,,,
8053475328,2016-04-30,,,7135,2408,,,,
8053475328,2016-05-01,,,1170,1886,,,,
8053475328,2016-05-02,,,1969,1988,,,,
8053475328,2016-05-03,,,15484,3023,,,,
8053475328,2016-05-04,,,14581,2918,,,,
8053475328,2016-05-05,,,14990,2950,,,,
8053475328,2016-05-06,,,13953,2859,,,,
8053475328,2016-05-07,,,19769,3331,74.0,0.03790699177044543,,
8053475328,2016-05-08,,,22026,3589,,,,
8053475328,2016-05-09,,,12465,2765,,,,
8053475328,2016-05-10,,,14810,2926,,,,
8053475328,2016-05-11,,,12209,2809,,,,
8053475328,2016-05-12,,,4998,1505,,,,
8253242879,2016-04-12,,,9033,2044,,-0.203006852052364,0.0,-0.203006852052364
8253242879,2016-04-13,,,8053,1935,,-0.12501428849822258,0.07799256355414141,0.4209336563807673
8253242879,2016-04-14,,,5234,1705,,0.09933370809272096,0.1511702800725425,1.1575256686005184
8253242879,2016-04-15,,,2672,1632,,0.3032285528128335,0.1743054211186536,1.5233665006434087
8253242879,2016-04-16,,,9256,1880,,-0.2207541394733574,0.03927482664690692,0.05416964705499108
8253242879,2016-04-17,,,10204,2112,,-0.2962000070747105,-0.015694013809057838,-0.40605810373811535
8253242879,2016-04-18,,,5151,1829,,0.1059392007202656,0.009442102628529807,0.17203391911997423
8253242879,2016-04-19,,,4212,1763,,0.18066881008489702,0.011815418611318003,0.26337674036412306
8253242879,2016-04-20,,,6466,1931,,0.0012859139103717537,-0.00759176885033206,-0.05185646804195266
8253242879,2016-04-21,,,11268,2218,,-0.3808776475049212,-0.0404060598937928,-0.6637200667614708
8253242879,2016-04-22,,,2824,1651,,0.29113174703708916,0.045058896137893725,0.6065440200023453
8253242879,2016-04-23,,,9282,2132,,-0.22282332993499787,0.0010345952308202391,-0.2155811633192562
8253242879,2016-04-24,,,8905,1976,,-0.1928200682412108,-0.05047915192133934,-0.5461741316905862
8253242879,2016-04-25,,,6829,1909,,-0.027603168304070426,-0.030534770782148002,-0.24134656377910643
8253242879,2016-04-26,,,4562,1813,,0.15281432310127507,0.02418508466771827,0.32210991577530296
8253242879,2016-04-27,,,10232,2008,,-0.2984283660334003,0.005926184220495072,-0.2569450764899348
8253242879,2016-04-28,,,2718,1580,,0.29956767738070034,0.007847575363446947,0.354500704924829
8253242879,2016-04-29,,,6260,1854,,0.017680269106446378,0.05126646752281518,0.3765455417661527
8253242879,2016-04-30,,,0,0,,0.5158776648706559,0.08440762244414497,1.1067310219796707
8378563200,2016-04-12,,,7626,3635,338.0,0.42259104457662894,0.0,0.42259104457662894
8378563200,2016-04-13,,,12386,4079,447.0,-0.23859310532327144,-0.6611841498999004,-4.866882154622575
8378563200,2016-04-14,,,13318,4163,424.0,-0.22257181441544957,-0.32258142949603924,-2.4806418208877243
8378563200,2016-04-15,,,14461,3666,513.0,-0.5874636411844163,-0.3014142766375314,-2.697363577647136
8378563200,2016-04-16,,,11207,3363,611.0,-0.7014634456932068,-0.25969795164008164,-2.5193491071737784
8378563200,2016-04-17,,,2132,2572,525.0,0.15945108840440525,-0.08769150367828264,-0.4543894373435733
8378563200,2016-04-18,,,13630,4157,398.0,-0.15716728182577258,-0.050788507965343156,-0.5126868375831747
8378563200,2016-04-19,,,13070,4092,387.0,-0.08536365953151384,0.04776471900512315,0.24898937350434822
8378563200,2016-04-20,,,9388,3787,381.0,0.1691419874762144,0.09727276903029398,0.8500513706882722
8378563200,2016-04-21,,,15148,4236,396.0,-0.24741638935774915,0.08987635263867588,0.38171807911298206
8378563200,2016-04-22,,,12200,4044,441.0,-0.20704573681656163,0.035565265728843345,0.0419111232853418
8378563200,2016-04-23,,,5709,2908,565.0,-0.1999074638991599,-0.04785304631137531,-0.5348787880787871
8378563200,2016-04-24,,,3703,2741,458.0,0.2790779200326167,0.025123581162396415,0.4549429881693916
8378563200,2016-04-25,,,12405,4005,388.0,-0.04623397938654841,0.01374177967879608,0.049958478365024137
8378563200,2016-04-25,,,12405,4005,388.0,-0.04623397938654841,0.008655734864403263,0.014356164664274425
8378563200,2016-04-26,,,16208,3763,550.0,-0.8202708977482795,-0.04440237592139118,-1.1310875291980178
8378563200,2016-04-27,,,7359,3061,531.0,-0.19358732184247446,-0.054487982935540816,-0.5750032023912601
8378563200,2016-04-28,,,5417,2884,506.0,0.012285765187968395,-0.03867098981609031,-0.25841116352466376
8378563200,2016-04-29,,,6175,2982,527.0,-0.10495397647327598,-0.042228912243734665,-0.40055636217941865
8378563200,2016-04-30,,,2946,2660,468.0,0.29454716564517125,0.06205214656635542,0.7289121916096593
8378563200,2016-05-01,,,11419,3369,475.0,-0.26878657224206426,0.058950417628198304,0.14386635115532387
8378563200,2016-05-02,,,6064,3491,351.0,0.4795567815919826,0.14397664063138607,1.487393266011685
8378563200,2016-05-03,,,8712,3784,405.0,0.13351337027759197,0.0625718397642657,0.5715162486274519
8378563200,2016-05-04,,,7875,3110,441.0,0.06878222500177499,0.029694060317498824,0.27664064722426673
8378563200,2016-05-05,,,8567,3783,381.0,0.22150146878323274,0.03321915703579963,0.45403556803383016
8378563200,2016-05-06,,,7045,3644,323.0,0.5088573949927507,0.043311864767968736,0.812040448368532
8378563200,2016-05-07,,,4468,2799,459.0,0.2270089908364905,0.0583562862336729,0.6355029944722008
8378563200,2016-05-08,,,2943,2685,545.0,0.0421121203861311,-0.024473841875313634,-0.12920477274106434
8378563200,2016-05-09,,,8382,3721,359.0,0.3054788534179595,0.016716562937252592,0.42249479397872763
8378563200,2016-05-10,,,6582,3586,342.0,0.4760489590759285,0.032964632031617654,0.7068013832972521
8378563200,2016-05-11,,,9143,3788,368.0,0.227418129537331,0.001092963321789975,0.23506887278986083
8378563200,2016-05-12,,,4561,1976,496.0,0.09968599990211369,-0.02831282389930117,-0.09850376739299449
8583815059,2016-04-12,,,5014,2650,,0.16054453137308758,0.0,0.16054453137308758
8583815059,2016-04-13,,,5571,2654,,0.11960946901013568,-0.0409350623629519,-0.16693596753052758
8583815059,2016-04-14,,,3135,2443,,0.2986360613192036,0.06904576497305802,0.7819564161306097
8583815059,2016-04-15,,,3430,2505,,0.2769559115937623,0.05282607329710922,0.6467384246735268
8583815059,2016-04-16,,,5319,2693,,0.1381294613179703,0.011251630247339207,0.21689087304934473
8583815059,2016-04-17,,,3008,2439,,0.3079695495060885,0.022028711938944782,0.462170533078702
8583815059,2016-04-18,,,3864,2536,,0.24506036928582492,0.0167771812403173,0.362500637968046
8583815059,2016-04-19,,,5697,2668,,0.11034947285621838,-0.003711347664863684,0.08437003920217259
8583815059,2016-04-20,,,5273,2647,,0.1415100948344798,-0.02491642389147874,-0.032904872405871394
8583815059,2016-04-21,,,8538,2883,,-0.09844139280472661,-0.04703752581472564,-0.42770407350780604
8583815059,2016-04-22,,,8687,2944,,-0.10939170571689866,-0.059247702149199374,-0.5241256207612943
8583815059,2016-04-23,,,9423,3012,,-0.16348184198105054,-0.08328747107599319,-0.7464941395130028
8583815059,2016-04-24,,,8286,2889,,-0.07992140049689199,-0.06333963355621668,-0.5232988353904087
8583815059,2016-04-25,,,4503,2547,,0.19809896021953,-0.008737677776754734,0.13693521578224685
8583815059,2016-04-26,,,10499,3093,,-0.24255926945418563,-0.018916324342767014,-0.37497353985355475
8583815059,2016-04-27,,,12474,3142,,-0.38770603456519104,-0.027591008948406662,-0.5808430972040377
8583815059,2016-04-28,,,6174,2757,,0.07529377313067429,-0.0020367791993877093,0.06103631873496032
8583815059,2016-04-29,,,15168,3513,,-0.5856935713798992,-0.055071779847361946,-0.9711960303114329
8583815059,2016-04-30,,,10085,3164,,-0.2121335678056002,-0.058798875805004404,-0.623725698440631
8583815059,2016-05-01,,,4512,2596,,0.19743753192282162,-0.004968586371702237,0.16265742732090596
8583815059,2016-05-02,,,8469,2894,,-0.09337044252996236,0.04751522402901503,0.23923612567314284
8583815059,2016-05-03,,,12015,3212,,-0.3539731914330637,0.019535757192065333,-0.21722289108860637
8583815059,2016-05-04,,,3588,2516,,0.26534417038488184,0.0411555384618547,0.5534329396178648
8583815059,2016-05-05,,,12427,3266,,-0.38425190901571393,0.035995347861344076,-0.13228447398630538
8583815059,2016-05-06,,,5843,2683,,0.09961963604294911,0.004664119377979321,0.13226847168880435
8583815059,2016-05-07,,,6117,2810,,0.07948281900982736,6.561788657821556e-05,0.07994214421587487
8583815059,2016-05-08,,,9217,2940,,-0.14834248318972543,0.01915254873444858,-0.014274642048585362
8583815059,2016-05-09,,,9877,2947,,-0.1968472249483399,0.0038478328689463626,-0.16991239486571535
8583815059,2016-05-10,,,8240,2846,,-0.0765407669803825,-0.03210027011406141,-0.3012426577788124
8583815059,2016-05-11,,,8701,2804,,-0.11042059417844502,0.006887253375249155,-0.062209820551700934
8583815059,2016-05-12,,,0,0,,0.5290335846726223,0.03500845484720778,0.7740927686030767
8792009665,2016-04-12,59.49783889980353,6.958723714634383,2564,2044,458.0,-0.1615892824609756,0.0,-0.1615892824609756
8792009665,2016-04-13,,,1320,1934,531.0,-0.30675498385901845,-0.14516570139804286,-1.3229148936453186
8792009665,2016-04-14,,,1219,1963,486.0,-0.12404678127696724,0.018771250592004178,0.007351972867062004
8792009665,2016-04-15,,,2483,2009,363.0,0.20992500899061844,0.12972510769368334,1.1180007628464017
8792009665,2016-04-16,,,244,1721,,,,
8792009665,2016-04-17,,,0,1688,,,,
8792009665,2016-04-18,,,0,1688,,,,
8792009665,2016-04-19,,,0,1688,,,,
8792009665,2016-04-20,,,3147,2188,528.0,-0.4915501052671733,,
8792009665,2016-04-21,,,144,1720,,,,
8792009665,2016-04-22,,,4068,2419,391.0,-0.06726675214827793,,
8792009665,2016-04-23,,,5245,2748,339.0,0.004895077171015061,,
8792009665,2016-04-24,,,400,1799,,,,
8792009665,2016-04-25,,,0,1688,,,,
8792009665,2016-04-26,,,1321,1928,,,,
8792009665,2016-04-27,,,1758,2067,423.0,0.05865760606332958,,
8792009665,2016-04-28,,,6157,2780,402.0,-0.3336725916131502,,
8792009665,2016-04-29,,,8360,3101,398.0,-0.5550377308099494,,
8792009665,2016-04-30,,,7174,2896,343.0,-0.2175902859933606,,
8792009665,2016-05-01,,,1619,1962,503.0,-0.23193842757211952,,
8792009665,2016-05-02,,,1831,2015,415.0,0.08136881526193125,,
8792009665,2016-05-03,,,2421,2297,516.0,-0.36773568868060635,-0.004499920258707669,-0.39923513049156
8792009665,2016-05-04,,,2283,2067,439.0,-0.05884218094092806,0.0535019434832373,0.31567142344173305
8792009665,2016-05-05,,,0,1688,,,,
8792009665,2016-05-06,,,0,1688,,,,
8792009665,2016-05-07,,,0,1688,,,,
8792009665,2016-05-08,,,0,1688,,,,
8792009665,2016-05-09,,,0,1688,,,,
8792009665,2016-05-10,,,0,57,,,,
8877689391,2016-04-12,66.55857898715041,14.625744873605152,23186,3921,,-0.30688803030039835,0.0,-0.30688803030039835
8877689391,2016-04-13,,,15337,3566,,0.030192157690404654,0.33708018799080297,2.3897534736260257
8877689391,2016-04-14,,,21129,3793,,-0.2185488856071786,0.04416957234660987,0.09063812081909045
8877689391,2016-04-15,,,13422,3934,,0.11243302404311044,0.10092221197329432,0.8188885078561706
8877689391,2016-04-16,,,29326,4547,,-0.5705741500944524,-0.04451313732354024,-0.8821661113592341
8877689391,2016-04-17,,,15118,3545,,0.039597248933873355,0.007460268070487903,0.09181912542728868
8877689391,2016-04-18,,,11423,2761,,0.19828132265358506,0.04222474917362906,0.4938545668689885
8877689391,2016-04-19,,,18785,3676,,-0.11788434736658206,0.01130696879433322,-0.038735565806249525
8877689391,2016-04-20,,,19948,3679,,-0.16783010588783367,0.016442038181667406,-0.05273583861616184
8877689391,2016-04-21,,,19377,3659,,-0.14330815565942898,-0.004257751678387003,-0.173112417408138
8877689391,2016-04-22,,,18258,3427,,-0.09525200451129436,0.02478729282219467,0.07825904524406833
8877689391,2016-04-23,,,11200,3891,,0.20785819638551895,-0.0038467007238453216,0.1809312913186017
8877689391,2016-04-24,,,16674,3455,,-0.027226139079082366,0.0016978858458121108,-0.01534093815839759
8877689391,2016-04-25,,,12986,3802,,0.13115731528581526,0.049267831200701516,0.4760321336907259
8877689391,2016-04-26,,,11101,2860,,0.21210981297503217,0.06274202013968921,0.6513039539528567
8877689391,2016-04-27,,,23629,3808,,-0.3259129408979172,-0.00034970006580411654,-0.32836084135854604
8877689391,2016-04-28,,,14890,3060,,0.04938885077638872,-0.014081562737489589,-0.0491820883860384
8877689391,2016-04-29,,,9733,2698,,0.27085942403012436,-0.0041013069121062186,0.24215027564538083
8877689391,2016-04-30,,,27745,4398,,-0.5026771215285893,-0.046773917573519515,-0.830094544543226
8877689391,2016-05-01,,,10930,2786,,0.2194535143569187,-0.020282603816638965,0.07747528764044595
8877689391,2016-05-02,,,4790,2189,,0.4831396341509728,0.048277014347589846,0.8210787345841017
8877689391,2016-05-03,,,10818,2817,,0.2242634240339438,0.08809374113826948,0.8409196120018302
8877689391,2016-05-04,,,18193,3477,,-0.09246053907373515,0.016681306647743904,0.02430860746047217
8877689391,2016-05-05,,,14055,3052,,0.08524844524349542,0.009586076365244523,0.15235097980020706
8877689391,2016-05-06,,,21727,4015,,-0.2442303676327233,-0.0024525017772841534,-0.26139788007371234
8877689391,2016-05-07,,,12332,4142,,0.1592437521498725,-0.06337086674924927,-0.28435231509487235
8877689391,2016-05-08,,,10686,2847,,0.2299322461532948,-0.03719397629714873,-0.03042558792674635
8877689391,2016-05-09,,,20226,3710,,-0.1797689888361638,-0.01761844147321021,-0.3030980791486353
8877689391,2016-05-10,,,10733,2832,,0.2279138019138289,0.03233038459247828,0.4542264940611769
8877689391,2016-05-11,,,21420,3832,,-0.23104606164302058,-0.012271711519731424,-0.31694804228114054
8877689391,2016-05-12,,,8064,1849,,0.34253566734222146,0.03491785832498509,0.5869606756171171
